featureid	65bc2b52d9d09bde0d63aadfcffa450f	726fe9527294f50f4d2654b3a25730a9	a6c1d5c393eaa8b78baddc67c010b5fe	7f782768e8d3067af0a923af092239d3	e613626b2ce8bfbf28995d9b11edaeed	d1c1529acbbd977e6219701a664424f0	923a477c342aa445c4eecca0f8415ed5	be65daef90f69cfc35f5bcd8e387d377	d90a306bb67d75602d9e789894d2c81e	eb4104bfe7ff965e7288b9e381317aa8	620	851	933	1025	1264	1425	1522	1846	1974	1992	2245	2444	2448	2467	2568	2658	2691	2762	2793	2931	2934	2938	2944	2999	3191	3280	3372	3552	3597	3624	3748	3870	3885	4005	4166	4168	4200	4386	4408	4419	4446
65bc2b52d9d09bde0d63aadfcffa450f	1.0	0.9223881983664504	-0.8833278268168496	0.9222489909582051	-0.8766408505627479	0.7442874677241238	-0.07476147789960559	-0.948916130773801	0.18260092369570624	0.7995665742525595	-0.6091796653289521	-0.5321311130907334	-0.7326120699434799	-0.11394978770070875	0.48565833507647677	-0.6188164774270115	-0.7918763846314465	0.510271889387004	-0.08740076807478475	0.41621217618891265	-0.039422768791853635	0.2264081416678429	0.8710689075080961	0.8222294258851325	-0.3687313969048689	0.7298993807657984	-0.1294272273023681	0.6737912422349855	0.33872855786649325	0.02737488369623476	-0.14922154058473475	0.18303426006126094	-0.13321316774234873	0.5193226560337922	0.727711482860105	-0.7631208142898648	-0.21235174726917855	0.42125136929675067	0.7006902561186794	-0.05531698474263725	0.9090490665028266	0.40657217737232465	-0.9195065286016892	-0.30762104891122505	-0.15053961518384879	0.16836782369406278	-0.3037381867823339	0.5402851970987933	-0.4175350022938835	-0.7214638122321578	-0.1446130965387859
726fe9527294f50f4d2654b3a25730a9	0.9223881983664505	1.0	-0.7637022913425634	0.7827987801617117	-0.6227613817103721	0.5630254204074936	-0.3532610546738427	-0.9919578592385272	0.5299880603022316	0.5058107133421137	-0.27994192368003346	-0.19825936495876426	-0.9331717229616104	0.2533670974622323	0.14299021133447126	-0.2812721385819186	-0.5294607809845256	0.14149056232797097	0.3038690552508739	0.06877217077970298	-0.17149632775117976	0.49279290908018464	0.990097367617771	0.5546198430408626	-0.31490597686559385	0.44556305141491076	-0.07561983163684863	0.3381580587723389	0.06940990683651005	-0.07740314810724265	0.0033381004714038427	0.005675559071233026	-0.07097005487039197	0.3003171577899177	0.8352772664246921	-0.4973039652461782	-0.38289309950906947	0.09265806719156569	0.37322232508554765	0.014745572536204038	0.6857470446223757	0.6846200460329224	-0.7100531930715112	-0.5699245652063534	0.2424985349716848	0.3845916876537611	-0.07238269559186403	0.4075968880032956	-0.3832752823436557	-0.9270977842744185	0.0020827983519541584
a6c1d5c393eaa8b78baddc67c010b5fe	-0.8833278268168496	-0.7637022913425634	1.0000000000000002	-0.6830150334305365	0.8360402937943269	-0.9634199194111539	-0.3338514118298669	0.8392258029413071	-0.17281993509282395	-0.7988885918541053	0.7739975017901165	0.7403255328789357	0.49679604680809675	0.06388596316188287	-0.7021024189825572	0.7514430542396586	0.6244543795531325	-0.6153928419578903	0.22648104057245605	-0.6560487846738442	-0.4323623635914594	-0.390170026243782	-0.745224251615449	-0.7000488477535052	-0.08266446725754674	-0.8783225237039405	-0.31371531139956754	-0.6521156113480917	-0.6970066510479194	0.37405930734118126	0.5933535620116296	0.18171541375487263	0.5770371427950497	-0.19676243461392268	-0.3444448997885116	0.9079387837385647	-0.2581679135842268	-0.6917251125331706	-0.7555342176717076	-0.3710833882285079	-0.9143336684468876	-0.05597814553613951	0.7860020808878296	-0.09472661078545687	0.2405867231379681	-0.42414768503853967	-0.01422875396567147	-0.1449297872498912	0.7780959799288074	0.6124650560438638	-0.24199454530136438
7f782768e8d3067af0a923af092239d3	0.9222489909582051	0.7827987801617117	-0.6830150334305365	1.0	-0.8945018646125346	0.5406830062054895	-0.17130162298366336	-0.790688667852407	-0.09965796734368834	0.8326172438506328	-0.5833559249075178	-0.4935777570386716	-0.6061976209347613	-0.39026948255575233	0.45744629713433893	-0.6214510769883753	-0.931845462470119	0.5805412462068507	-0.2419797977886293	0.3889779263112558	-0.2971927666481041	-0.1404118480602189	0.688067677156773	0.9245203787791166	-0.6708302945096833	0.6575462949509074	-0.4784950108347973	0.7809604988924391	0.18204852711543995	0.4037830133755167	0.11470353434653174	0.548722481092344	0.1916673710010301	0.8076638280687649	0.7819686083710133	-0.6728501779431736	-0.40305402354364517	0.35592266145205426	0.7374223454397673	-0.41972712778906907	0.8626331720330656	0.3851050965394003	-0.9671031596642728	-0.35911048880881163	-0.32986817690323617	-0.22001768133851668	-0.6454354169826121	0.8178073830329453	-0.07301672680592364	-0.4967897424589233	-0.5136105447316364
e613626b2ce8bfbf28995d9b11edaeed	-0.8766408505627479	-0.6227613817103721	0.836040293794327	-0.8945018646125346	0.9999999999999998	-0.8037800170022135	-0.2856942321322304	0.6861211700587055	0.29157048154091464	-0.9894085618353927	0.883904364823738	0.8292872454581319	0.32219394453466543	0.5479259934995487	-0.8040101476319751	0.9020888134643378	0.9458740699797727	-0.8568492152249281	0.5553621656618745	-0.755675313574575	-0.1297403521813554	0.15795928993507613	-0.5307669795203184	-0.9755613891041462	0.3586260823286128	-0.921977904706681	0.17220242038088404	-0.943979202305701	-0.596652830804274	-0.15600112332844016	0.30246720717372677	-0.36749011213955474	0.1772135441162242	-0.6809323492731517	-0.43592277717937056	0.9247503669046783	-0.04315066158345308	-0.7357693610095603	-0.9539946918884573	0.13464062906863994	-0.9866079142387995	0.02733632041190412	0.9787806676729857	-0.08422294445968792	0.607198812735087	0.14138456571476704	0.5284577055146764	-0.5901512007646648	0.3644346307408991	0.3059655441240696	0.299490671774596
d1c1529acbbd977e6219701a664424f0	0.7442874677241238	0.5630254204074936	-0.9634199194111541	0.5406830062054895	-0.8037800170022135	1.0000000000000002	0.5741857999723372	-0.6630877830370645	0.013015740170094164	0.8042343914743167	-0.8685172667869936	-0.8600541628829005	-0.25106542669757087	-0.17361045241242162	0.8338828951574546	-0.8380675480311381	-0.568210374489429	0.7200339859707843	-0.40634355093394575	0.8060066238038438	0.6313283651300305	0.30815405347484903	0.545562377960227	0.6554881488564072	0.24838835206878518	0.9346540537505581	0.4450636333454527	0.6838091370235623	0.8634702522891899	-0.45970008046578986	-0.7666053773177627	-0.24925864149739463	-0.7178765261993107	0.11313003841342813	0.09004166400139282	-0.9516857279444483	0.49445681553303783	0.843130723050539	0.803778049601015	0.48127329699982896	0.8800335589560141	-0.2107535879685836	-0.70286022103357	0.35799609577696606	-0.3978167253188636	0.39695290103800607	0.06303922790858776	0.003463314313012658	-0.845093306088865	-0.4048128276873881	0.32275721398494533
923a477c342aa445c4eecca0f8415ed5	-0.07476147789960569	-0.3532610546738427	-0.33385141182986694	-0.1713016229836634	-0.2856942321322304	0.5741857999723372	1.0	0.23201206172222252	-0.5002211320326093	0.40162987780630016	-0.7002528938327804	-0.7722476974203911	0.6383843209944948	-0.4359817224102172	0.7972353401230832	-0.6635874108648648	-0.10856680634280344	0.6668720499852142	-0.7525488804158477	0.8394616219829916	0.8901779233449725	-0.12808772128687768	-0.36141135235383437	0.183233744422715	0.6033899685562397	0.6121490597869201	0.5890667757704541	0.4296214420144062	0.9084463796248119	-0.4547915643545308	-0.8757762649091568	-0.30007492083769965	-0.7495990303569154	-0.1817373269412232	-0.7293552472195265	-0.5806720739048135	0.9433330538570057	0.8589923924740196	0.5324956153027288	0.5407495311683936	0.3114618705797139	-0.9153461355299919	-0.0844423586015818	0.9700058305131553	-0.681129114108239	0.07995669828549774	0.15585403161835212	-0.41109498499541136	-0.5836633264447428	0.45563735580238557	0.37518082551019766
be65daef90f69cfc35f5bcd8e387d377	-0.948916130773801	-0.9919578592385272	0.8392258029413071	-0.790688667852407	0.6861211700587055	-0.6630877830370644	0.2320120617222225	1.0	-0.4834456260457434	-0.5802038461761568	0.3857712776947743	0.3105863041895258	0.8839103287960401	-0.2045293688494267	-0.2564998664867734	0.38218814306661075	0.5651292663520128	-0.2372842901654164	-0.21419007614426636	-0.1850461281261794	0.05784382956426221	-0.4951259574540344	-0.9805706989872789	-0.6013953317842176	0.2457237496912793	-0.5460634668068352	-0.0011369419374811429	-0.4096623687949699	-0.1950719605241465	0.14208133137306836	0.11504419181371174	0.03477626088053774	0.17525241398567523	-0.2875875157021625	-0.769780052476261	0.5956058188224803	0.27046097520754836	-0.21253144765712154	-0.46005015616456324	-0.08855893192966238	-0.7551086901874896	-0.5880054901360101	0.7496518493391359	0.4613453937687691	-0.16004880635869773	-0.4107723717486	0.054091069338179115	-0.368108582829219	0.4775187182756338	0.9023364479809733	-0.05300150346158017
d90a306bb67d75602d9e789894d2c81e	0.18260092369570624	0.5299880603022316	-0.17281993509282392	-0.09965796734368822	0.29157048154091453	0.013015740170094207	-0.5002211320326093	-0.48344562604574354	1.0	-0.40658425827578404	0.4788095874762868	0.49802907913235744	-0.7159602109839818	0.9545504050642846	-0.5375203309469939	0.517877087043459	0.4385786442431291	-0.669757858719241	0.9039523560499306	-0.5669257715643107	-0.05312224805344367	0.9216731018658757	0.6378625623813328	-0.40793467287593754	0.2726748786430636	-0.31437114172150765	0.3787387076298107	-0.5903709044525246	-0.3166509472456821	-0.5336347881274148	0.037953039152533716	-0.6289877224360135	-0.19391626465862408	-0.5543529950037858	0.36840531236647445	0.25216669477720827	-0.2366642397028292	-0.49409651121227455	-0.5049850840284953	0.4452247408451037	-0.1646620628359923	0.6926149814269132	0.21588488286337112	-0.5700812514106699	0.9119857058950709	0.8231060810678607	0.6846032150154804	-0.36432883002502187	-0.3450757785338254	-0.8090420078827729	0.5802049533199006
eb4104bfe7ff965e7288b9e381317aa8	0.7995665742525594	0.5058107133421137	-0.7988885918541053	0.8326172438506327	-0.9894085618353927	0.8042343914743165	0.40162987780630016	-0.5802038461761568	-0.40658425827578415	1.0	-0.9341134816862766	-0.8910135174673428	-0.18192068544123688	-0.637312864406965	0.8730237471831015	-0.9513435970170716	-0.9357747821268227	0.9226122606270573	-0.6681331484927215	0.8340544122017003	0.2060180040890128	-0.24104199239328872	0.40925374361814343	0.967596160317992	-0.3065455731330688	0.9474270930027239	-0.14230947144962341	0.9761183770115315	0.6689399052565521	0.15280100959600618	-0.3654260152660242	0.37345913450504614	-0.21616080754819156	0.6714927832826381	0.3111705430999025	-0.9417186988892866	0.145752671023677	0.8106949490587751	0.987173443835459	-0.11726616244767034	0.967941241380091	-0.16868438597189642	-0.9448182735719863	0.2161162817480022	-0.7110831857753617	-0.19818039186977385	-0.5422745090388825	0.5490339305643402	-0.3636020606443641	-0.1748202190643281	-0.2986426201030829
620	-0.6091796653289521	-0.2799419236800335	0.7739975017901165	-0.5833559249075178	0.883904364823738	-0.8685172667869936	-0.7002528938327807	0.3857712776947743	0.47880958747628694	-0.9341134816862766	1.0000000000000002	0.9943160077142512	-0.08306400407765364	0.6369600852826276	-0.9884682182059391	0.9969621250172827	0.7630515812362112	-0.9687523530313743	0.7920252697274158	-0.9735068384552591	-0.5214449085563989	0.20065573397683528	-0.20527344950107923	-0.8198549487326422	-0.015117662832404843	-0.982188953541497	-0.14376225868963374	-0.9183166323588311	-0.8824395071065696	0.08799176690745637	0.6421411343987563	-0.14469096979382354	0.48356881724981693	-0.43137830962408746	0.03362622297772172	0.9677193845359197	-0.4871438244098559	-0.9662777402086449	-0.9726419007230945	-0.14693196674827033	-0.883141899203933	0.47330281518603246	0.770459617166506	-0.5384625744371656	0.7965935084396946	0.08685302764522104	0.3339790266367946	-0.2502147889853617	0.5394733064183861	-0.0103168113539742	0.05735109418964754
851	-0.5321311130907334	-0.19825936495876426	0.7403255328789357	-0.4935777570386716	0.8292872454581319	-0.8600541628829005	-0.7722476974203911	0.3105863041895258	0.49802907913235744	-0.8910135174673429	0.9943160077142512	1.0	-0.16728576286825886	0.62943303953247	-0.998399622283996	0.9859559344332491	0.6944658644318408	-0.9607583799050766	0.815330448682316	-0.9913079621254829	-0.5981019514747802	0.19460306370468466	-0.13091366026659618	-0.7564026145781702	-0.10514371390480258	-0.965816323751076	-0.21798654989654437	-0.8804690613121128	-0.9214694482873104	0.14869716070376493	0.7035168407092655	-0.08148702386378198	0.5441465675143754	-0.35494202476183706	0.13819588151108092	0.9484254920606084	-0.5748550544126712	-0.9880713775341078	-0.9446387590441737	-0.21379502888059043	-0.8329481955700706	0.5566372241787957	0.698261716589398	-0.623350842276003	0.808638357700373	0.062322349172111303	0.27158217770375265	-0.15978715356399345	0.5695722405784372	-0.07467405914874978	-0.007426347489015428
933	-0.7326120699434802	-0.9331717229616104	0.49679604680809675	-0.6061976209347613	0.3221939445346655	-0.2510654266975708	0.6383843209944948	0.8839103287960401	-0.7159602109839818	-0.18192068544123688	-0.08306400407765364	-0.16728576286825886	0.9999999999999999	-0.4859363726039051	0.2222956418862664	-0.07869024551665757	0.2776722777692897	0.21010349465562517	-0.6047724944622782	0.29433939394605474	0.39154541919684693	-0.5673677814765606	-0.9479550947391941	-0.28030155657504713	0.35495181408960463	-0.09400666205298068	0.15562688177039727	-0.017096201540201816	0.26795068057822535	0.023711750282640092	-0.261074939361167	0.024559224179081407	-0.12783230302136808	-0.17157033302113686	-0.8906867692833138	0.1524405331119895	0.5956990507286555	0.2690896520693406	-0.028903002156730757	0.06319034136173042	-0.3842655711306079	-0.892697278349428	0.4580047186835656	0.8017331528242455	-0.540622122166578	-0.410058874790481	-0.027156626913600393	-0.3510438233649225	0.1769592603155466	0.9600317560753933	0.000240956188604821
1025	-0.1139497877007088	0.2533670974622322	0.06388596316188297	-0.39026948255575233	0.5479259934995487	-0.17361045241242165	-0.4359817224102172	-0.20452936884942663	0.9545504050642846	-0.637312864406965	0.6369600852826276	0.62943303953247	-0.48593637260390504	1.0	-0.6550557790634298	0.6827540692730001	0.686453931142786	-0.8080534187104547	0.9198045417836567	-0.6622440252705981	0.011707048841041439	0.8830277413348562	0.38043021246645575	-0.659034248325406	0.4313745419713099	-0.5074982988503631	0.4692004848944107	-0.7891129662454879	-0.3744466142459459	-0.591461314236304	0.02985969565100837	-0.7276409178697939	-0.20830069230438572	-0.7433092170923784	0.12024020749243904	0.4546860052039283	-0.12416803376805524	-0.5867850079061318	-0.7019693414191539	0.5131865517831772	-0.4240179517720715	0.5420584043609676	0.49449824143801197	-0.4408238114214158	0.9514816477750262	0.810760917390756	0.8126756062175501	-0.566134158891563	-0.2701672074065579	-0.5974211938895994	0.6700540420038299
1264	0.48565833507647677	0.1429902113344713	-0.7021024189825573	0.4574462971343388	-0.8040101476319751	0.8338828951574546	0.7972353401230832	-0.2564998664867734	-0.5375203309469939	0.8730237471831016	-0.9884682182059391	-0.998399622283996	0.2222956418862664	-0.6550557790634298	1.0	-0.9805245836146629	-0.6753791798006404	0.9640452707043065	-0.8431077097783259	0.9968976496454199	0.6082170037203621	-0.23074516672773498	0.07463946622843909	0.7358061143295206	0.11726083441182693	0.9497327242786066	0.21725766071459338	0.8729912227740023	0.9237256383569674	-0.13839752190936452	-0.705404564247428	0.08934284912271145	-0.53917490557787	0.34792851817530723	-0.1839539513739995	-0.9289915818691277	0.5975950338574644	0.9915625551501799	0.9344754798601949	0.20779650416352838	0.8029863718643228	-0.5998871455415882	-0.6675243939436694	0.6595550010355341	-0.8335055940031914	-0.0916891649256735	-0.27721900987136816	0.14477068428409898	-0.5474576677858449	0.13040576239292384	-3.2100361925593785e-05
1425	-0.6188164774270114	-0.2812721385819185	0.7514430542396586	-0.6214510769883752	0.9020888134643377	-0.8380675480311381	-0.6635874108648648	0.38218814306661075	0.517877087043459	-0.9513435970170716	0.9969621250172825	0.9859559344332491	-0.07869024551665757	0.6827540692730001	-0.9805245836146628	0.9999999999999998	0.8047941123828634	-0.9816965488227103	0.8094052694148264	-0.9634433061460899	-0.4578692236936555	0.26067727727621764	-0.1976122482521438	-0.8540781116809715	0.05910092891030697	-0.9748583991498809	-0.06658049272736452	-0.9458276186251127	-0.8456652398599697	0.010414720658843786	0.5819514775047682	-0.2211526813644664	0.41400109390986967	-0.49920498908954697	-0.0053794019359173564	0.9583934343473348	-0.4310535793160464	-0.9489967034024624	-0.9860538680902742	-0.06944315068244303	-0.8898130104627037	0.4522584243147262	0.7985448922637128	-0.50531825145814	0.8211781165856936	0.15573572078062084	0.40627887954011305	-0.32048518769009454	0.47559424465486316	-0.027389049961009892	0.1348466385094035
1522	-0.7918763846314465	-0.5294607809845256	0.6244543795531327	-0.9318454624701189	0.9458740699797727	-0.568210374489429	-0.10856680634280348	0.5651292663520129	0.43857864424312915	-0.935774782126823	0.7630515812362112	0.6944658644318409	0.2776722777692897	0.6864539311427859	-0.6753791798006404	0.8047941123828634	1.0000000000000002	-0.8104767718764627	0.5745059461593013	-0.6256740237051682	0.14852210058261672	0.40751535010829243	-0.4101970098902572	-0.9938611776341033	0.6224625820439587	-0.7739834584761489	0.4764552793684557	-0.943662530873727	-0.3718521462630591	-0.46810480065784893	0.014169185213769466	-0.6485800632798705	-0.13861348727702205	-0.8817034923485002	-0.5275383205312556	0.7665465395193518	0.18769548039923287	-0.5768674595784028	-0.8920152802043855	0.44700994987549875	-0.8835940345887339	-0.04516715096075842	0.9663829663257251	0.049071143938973764	0.6491514790859975	0.42715895769714407	0.7718550461079993	-0.8084708271872766	0.04255850146067172	0.17289877380514543	0.5928649886082331
1846	0.510271889387004	0.14149056232797103	-0.6153928419578905	0.5805412462068507	-0.8568492152249281	0.7200339859707843	0.6668720499852142	-0.2372842901654164	-0.6697578587192412	0.9226122606270571	-0.9687523530313743	-0.9607583799050767	0.21010349465562517	-0.8080534187104548	0.9640452707043065	-0.9816965488227104	-0.8104767718764627	1.0	-0.8974286165667381	0.9540644322313002	0.3862144769332681	-0.43710029396220307	0.04290944405119782	0.8445154941960681	-0.13658996837569695	0.9147961434378691	-0.04872990609956621	0.9586517385501463	0.7898983077123037	0.12906494601109048	-0.4934055196729106	0.3507472778143648	-0.29599079003894296	0.5762067682676851	-0.0528529741287537	-0.8871258371531728	0.40238023983191595	0.9239095591166564	0.9711323324806415	-0.05961197332130491	0.8160507213453797	-0.5262911680408778	-0.7549737146120763	0.5434324846395768	-0.9123028830896732	-0.32900787927553365	-0.5225204607768499	0.3825288481323693	-0.32217606558971096	0.1924479835629384	-0.26573518149500286
1974	-0.08740076807478481	0.30386905525087377	0.2264810405724562	-0.2419797977886293	0.5553621656618746	-0.40634355093394575	-0.7525488804158477	-0.2141900761442663	0.9039523560499306	-0.6681331484927219	0.792025269727416	0.815330448682316	-0.6047724944622781	0.9198045417836567	-0.843107709778326	0.8094052694148265	0.5745059461593013	-0.8974286165667381	0.9999999999999999	-0.864256867610769	-0.381573924591664	0.6868526831842353	0.40135424067579933	-0.5886508641534863	0.06074718359534568	-0.6641428040699893	0.08537374531445756	-0.7855515141336111	-0.6833808603103053	-0.22905864894332598	0.41245623023131334	-0.4015533411995005	0.18398842589357975	-0.4776595050010356	0.3803044019142981	0.6133321956468789	-0.4967517169589264	-0.8184257249059153	-0.7687483781466042	0.13565737283336649	-0.47824507618566875	0.7795383596153916	0.42979673277789565	-0.7340550257948757	0.9938999385315783	0.5452389810627124	0.5310944872530741	-0.24934375479090193	0.07697973396505164	-0.6054995049598076	0.32538823802934075
1992	0.41621217618891265	0.06877217077970298	-0.6560487846738444	0.3889779263112558	-0.755675313574575	0.806006623803844	0.8394616219829917	-0.18504612812617946	-0.5669257715643108	0.8340544122017005	-0.9735068384552592	-0.991307962125483	0.2943393939460548	-0.6622440252705982	0.99689764964542	-0.96344330614609	-0.6256740237051682	0.9540644322313003	-0.864256867610769	1.0000000000000002	0.6447416197355778	-0.24902505134293415	0.0037524275141410783	0.68697863192522	0.16550475584718208	0.9236415154836374	0.24913858563270705	0.8431579458273929	0.9351284916141659	-0.158617107854698	-0.7287802149555171	0.06442752795815092	-0.5592491403276106	0.3051627128735517	-0.25980917842759094	-0.8995939034099312	0.6473734814498637	0.9952128710210658	0.9069329935864597	0.23299902908581582	0.7537091620139486	-0.6607244991133017	-0.6087812434769772	0.7160902064216975	-0.8476858874477118	-0.0983294341241238	-0.24962337094800827	0.09220887634183973	-0.5424531494850267	0.1945474395814417	0.025085309876017994
2245	-0.03942276879185367	-0.17149632775117976	-0.4323623635914594	-0.2971927666481041	-0.12974035218135532	0.6313283651300304	0.8901779233449726	0.05784382956426223	-0.05312224805344368	0.20601800408901283	-0.5214449085563989	-0.5981019514747802	0.39154541919684693	0.011707048841041406	0.6082170037203621	-0.4578692236936555	0.1485221005826168	0.3862144769332681	-0.38157392459166395	0.6447416197355776	0.9999999999999999	0.3319739990067549	-0.12082226284129075	-0.047642007664956354	0.8595830901106424	0.5013849484935066	0.8874925886871831	0.14671896043973032	0.8615430905230476	-0.8100589709643622	-0.9819477097267264	-0.6903519521661338	-0.9608282768768087	-0.5311398125185683	-0.681366272571038	-0.4965597377854022	0.9722254473524609	0.7058097641751776	0.3094622587567515	0.8634672782054759	0.2254310618905304	-0.7068297610664652	0.06412763709237802	0.8301381794832356	-0.29176165987483715	0.5222482210129823	0.5598067560943849	-0.6953829809553458	-0.8356927701984701	0.13069154440973402	0.7490101161810193
2444	0.22640814166784284	0.4927929090801846	-0.390170026243782	-0.14041184806021886	0.1579592899350762	0.308154053474849	-0.12808772128687765	-0.49512595745403437	0.9216731018658757	-0.24104199239328872	0.20065573397683528	0.19460306370468466	-0.5673677814765606	0.8830277413348562	-0.23074516672773498	0.26067727727621764	0.40751535010829254	-0.43710029396220307	0.6868526831842354	-0.24902505134293412	0.3319739990067549	1.0	0.6087781720924341	-0.3381117384164422	0.5569940510373529	-0.04692446865341816	0.6834555558221269	-0.443596671584791	0.061179657851277006	-0.8049392934623534	-0.35269892945383713	-0.8363347749255395	-0.5588285294379368	-0.6816526602819867	0.1328185699975457	-0.011395992571100843	0.13836537148583844	-0.15754833564986162	-0.2998240400849211	0.7413185000139141	-0.0009768643026968511	0.4011117381958189	0.15904404075757517	-0.23279744432529795	0.7242759341178642	0.9773571056453206	0.829166941774096	-0.5667178060329525	-0.6716261164768876	-0.7532428598180207	0.816315633688315
2448	0.8710689075080961	0.9900973676177709	-0.745224251615449	0.688067677156773	-0.5307669795203184	0.545562377960227	-0.3614113523538343	-0.9805706989872789	0.6378625623813327	0.4092537436181435	-0.20527344950107926	-0.1309136602665962	-0.947955094739194	0.38043021246645575	0.0746394662284391	-0.1976122482521438	-0.4101970098902572	0.0429094440511979	0.40135424067579933	0.0037524275141410774	-0.12082226284129075	0.6087781720924341	0.9999999999999999	0.44246327815986825	-0.2078736152748136	0.3815057865694436	0.02888968810208774	0.22463701984535558	0.052755090858806385	-0.18955948905124992	-0.0346891423739267	-0.12295300001447859	-0.13772003914341074	0.16545569155252432	0.7915857412919212	-0.4383045980611461	-0.34405177551591526	0.039621872471726265	0.2772044876283304	0.12086287128870873	0.6123546492065729	0.702759926148158	-0.613805754877126	-0.5732786254771607	0.35039977878557327	0.5028893976816154	0.06469616545660967	0.2858309099851496	-0.4415273208358598	-0.9684088424916468	0.12510242348003714
2467	0.8222294258851325	0.5546198430408626	-0.7000488477535052	0.9245203787791166	-0.9755613891041462	0.655488148856407	0.1832337444227149	-0.6013953317842174	-0.40793467287593765	0.967596160317992	-0.8198549487326422	-0.75640261457817	-0.2803015565750471	-0.6590342483254059	0.7358061143295206	-0.8540781116809715	-0.9938611776341032	0.844515494196068	-0.5886508641534862	0.6869786319252199	-0.04764200766495642	-0.3381117384164422	0.44246327815986825	0.9999999999999998	-0.5355567799742216	0.8372638371797642	-0.37648835225143645	0.9600375297978383	0.4611296427503572	0.36844038708042587	-0.1190793371541574	0.5628612042020227	0.029190662914144967	0.8244782331800843	0.4892480760962198	-0.8322050910614466	-0.10034445084257267	0.6468971226587603	0.9286720466676457	-0.34534525800171834	0.9280540521192211	0.005004505394606633	-0.9795471516817216	0.010508154393122174	-0.6555569218711148	-0.3427485857216522	-0.7014260811401928	0.7406945809043357	-0.1518678800551674	-0.20512164904517968	-0.5014663434170353
2568	-0.3687313969048689	-0.3149059768655939	-0.08266446725754675	-0.6708302945096833	0.3586260823286128	0.24838835206878523	0.6033899685562397	0.24572374969127933	0.27267487864306367	-0.3065455731330688	-0.01511766283240484	-0.1051437139048026	0.35495181408960463	0.4313745419713099	0.11726083441182693	0.05910092891030697	0.6224625820439588	-0.13658996837569698	0.06074718359534568	0.16550475584718208	0.8595830901106424	0.5569940510373529	-0.2078736152748136	-0.5355567799742216	1.0	0.013310799290591759	0.9685395241954718	-0.37888441574932563	0.4827099999715918	-0.9209749913285666	-0.773275565369968	-0.9182081474196645	-0.8526031504604475	-0.8879245316620089	-0.7400095780558297	-0.0200731917309984	0.8337532794711149	0.24485337269435398	-0.2155960006163665	0.9437702526864118	-0.23922859407588168	-0.5041669975217107	0.5139015558503143	0.6186780147081516	0.16719730662002966	0.7063417891115639	0.8762584254095602	-0.9637782376232157	-0.6882655160650641	0.08836918330385272	0.9341385168055775
2658	0.7298993807657984	0.4455630514149108	-0.8783225237039406	0.6575462949509073	-0.9219779047066807	0.934654053750558	0.6121490597869201	-0.5460634668068352	-0.31437114172150765	0.9474270930027239	-0.9821889535414968	-0.965816323751076	-0.09400666205298067	-0.507498298850363	0.9497327242786066	-0.9748583991498809	-0.7739834584761489	0.9147961434378691	-0.6641428040699892	0.9236415154836372	0.5013849484935067	-0.04692446865341813	0.3815057865694437	0.8372638371797643	0.013310799290591759	1.0	0.17968580023065517	0.8933728651898484	0.8602326704501908	-0.15688072964519661	-0.6421133713596755	0.07533222732156157	-0.5162857858704883	0.40308169488906515	0.09441349366453754	-0.9978177064588326	0.4241807246551011	0.9270592249014767	0.9613634998902157	0.19976172667680486	0.9420703925438693	-0.3274638161768365	-0.8253228241529144	0.4188248788816302	-0.674207601408345	0.045338383746412386	-0.26662469383734655	0.25320108396302554	-0.6220682670199938	-0.17714951885929142	0.007933504074193043
2691	-0.12942722730236816	-0.07561983163684864	-0.3137153113995676	-0.4784950108347973	0.17220242038088404	0.44506363334545274	0.5890667757704541	-0.0011369419374811162	0.37873870762981066	-0.1423094714496234	-0.14376225868963374	-0.21798654989654437	0.15562688177039732	0.4692004848944107	0.21725766071459338	-0.06658049272736453	0.47645527936845583	-0.0487299060995662	0.08537374531445757	0.24913858563270702	0.8874925886871832	0.6834555558221269	0.028889688102087748	-0.37648835225143645	0.9685395241954718	0.17968580023065517	1.0	-0.2580314437710104	0.5740176297815351	-0.9829401982529244	-0.8446181697432258	-0.9460557941431335	-0.9348345065624649	-0.8274403857727575	-0.5766227125123519	-0.19798580778758726	0.8087841033674026	0.3369494445084072	-0.07633219143894598	0.9956300378250407	-0.033087796626190366	-0.393735968297858	0.32048651743164425	0.5440136431411313	0.18154709713827855	0.820674823318131	0.8749065301717588	-0.8925182374204502	-0.8405207109082073	-0.1251432570776689	0.9699077053359657
2762	0.6737912422349854	0.3381580587723389	-0.6521156113480917	0.780960498892439	-0.943979202305701	0.6838091370235622	0.4296214420144062	-0.40966236879497	-0.5903709044525246	0.9761183770115315	-0.918316632358831	-0.8804690613121126	-0.017096201540201823	-0.7891129662454878	0.8729912227740021	-0.9458276186251127	-0.9436625308737268	0.9586517385501463	-0.7855515141336111	0.8431579458273927	0.14671896043973032	-0.443596671584791	0.22463701984535558	0.9600375297978383	-0.37888441574932563	0.8933728651898484	-0.2580314437710104	0.9999999999999999	0.6274655021115307	0.29919738428612996	-0.2864394771868732	0.5122123254254738	-0.10089066775870775	0.7532564534485434	0.22675331408811653	-0.8742077212772112	0.1365032242677164	0.8025333680700555	0.9821864294573004	-0.24977764344823922	0.8908941049167166	-0.2749651948993061	-0.896344391776116	0.28303340173705704	-0.8301837513623298	-0.3920647502161322	-0.6692673046192875	0.6083390319985631	-0.2039421535242605	0.023546011164687835	-0.43709640914327463
2793	0.33872855786649325	0.0694099068365101	-0.6970066510479195	0.1820485271154399	-0.596652830804274	0.8634702522891898	0.9084463796248119	-0.1950719605241465	-0.3166509472456821	0.6689399052565521	-0.8824395071065696	-0.9214694482873106	0.2679506805782253	-0.3744466142459459	0.9237256383569674	-0.8456652398599697	-0.3718521462630591	0.7898983077123037	-0.6833808603103052	0.9351284916141657	0.8615430905230476	0.061179657851276964	0.0527550908588064	0.4611296427503572	0.48270999997159175	0.8602326704501908	0.5740176297815351	0.627465502111531	1.0	-0.49765699295978894	-0.9230722085642106	-0.29328119116742557	-0.8166006548675776	-0.035663832463198715	-0.39748756395388546	-0.848774465256558	0.8265071912751982	0.964314470834937	0.7492472444915927	0.5623984465988879	0.6486046595398973	-0.673321918643024	-0.42207720090606904	0.7796203079675502	-0.6365191935817556	0.23406223419781724	0.10878309511308733	-0.23442096188114805	-0.7801131408078245	0.08109448879684955	0.3776202141558447
2931	0.02737488369623473	-0.07740314810724266	0.37405930734118126	0.4037830133755166	-0.1560011233284401	-0.45970008046578986	-0.4547915643545308	0.14208133137306836	-0.5336347881274147	0.15280100959600615	0.08799176690745639	0.14869716070376493	0.023711750282640116	-0.5914613142363039	-0.13839752190936452	0.010414720658843819	-0.46810480065784893	0.12906494601109048	-0.229058648943326	-0.158617107854698	-0.8100589709643621	-0.8049392934623534	-0.18955948905124997	0.36844038708042576	-0.9209749913285665	-0.15688072964519664	-0.9829401982529243	0.2991973842861299	-0.49765699295978894	1.0	0.7844935363535245	0.9727379735447874	0.906884763045684	0.8295689936969092	0.42605787389714583	0.18654138579237356	-0.6950907151299084	-0.25273270646173734	0.11467180996005764	-0.9948466350626536	0.0034254664490904053	0.22063769060100266	-0.27764982442362485	-0.38685872010794453	-0.3156165883331187	-0.9114855955085107	-0.9090600102059564	0.8558757667468377	0.8629137053861057	0.2989517411387455	-0.9887806376655378
2934	-0.14922154058473475	0.003338100471403875	0.5933535620116296	0.11470353434653179	0.3024672071737267	-0.7666053773177626	-0.8757762649091567	0.11504419181371177	0.03795303915253372	-0.3654260152660243	0.6421411343987562	0.7035168407092655	-0.261074939361167	0.029859695651008364	-0.7054045642474278	0.5819514775047682	0.014169185213769402	-0.4934055196729105	0.4124562302313132	-0.7287802149555171	-0.9819477097267264	-0.35269892945383713	-0.034689142373926674	-0.11907933715415743	-0.7732755653699679	-0.6421133713596755	-0.8446181697432258	-0.2864394771868732	-0.9230722085642105	0.7844935363535245	1.0000000000000002	0.6343423785537611	0.9713010082316464	0.4139586657723575	0.5413596619290731	0.6424454887614146	-0.9250655744731429	-0.7886162654290979	-0.45071208652465433	-0.8337324647123696	-0.4006698163558258	0.6348084424905455	0.11751937706515223	-0.7731703223846286	0.3359663499914752	-0.5316510123776034	-0.4810017949656279	0.5761714864329602	0.8990861481830587	-0.0072874492174176166	-0.7006954434880495
2938	0.18303426006126094	0.005675559071233039	0.18171541375487263	0.5487224810923439	-0.3674901121395547	-0.24925864149739457	-0.3000749208376996	0.03477626088053774	-0.6289877224360135	0.37345913450504614	-0.14469096979382354	-0.081487023863782	0.024559224179081404	-0.727640917869794	0.08934284912271145	-0.2211526813644664	-0.6485800632798705	0.3507472778143648	-0.4015533411995005	0.06442752795815092	-0.6903519521661337	-0.8363347749255395	-0.12295300001447863	0.5628612042020227	-0.9182081474196645	0.07533222732156158	-0.9460557941431333	0.5122123254254738	-0.2932811911674256	0.9727379735447874	0.6343423785537611	0.9999999999999999	0.7905655825318059	0.9283269101683775	0.43193142248576283	-0.04355235833655292	-0.5878778516697575	-0.03032265796401645	0.3417539259331581	-0.95544498466033	0.21683512374812947	0.12510003130984237	-0.46436971338494093	-0.27337946456066736	-0.48981758361491246	-0.9185187959305711	-0.9809023818561514	0.9154426419747173	0.7281952603590254	0.2818125359811385	-0.9959908808283717
2944	-0.13321316774234873	-0.07097005487039199	0.5770371427950497	0.19166737100103007	0.17721354411622423	-0.7178765261993107	-0.7495990303569154	0.17525241398567523	-0.19391626465862405	-0.21616080754819156	0.4835688172498169	0.5441465675143754	-0.12783230302136808	-0.20830069230438567	-0.53917490557787	0.4140010939098697	-0.13861348727702208	-0.2959907900389429	0.18398842589357975	-0.5592491403276106	-0.9608282768768087	-0.5588285294379368	-0.13772003914341077	0.02919066291414494	-0.8526031504604473	-0.5162857858704883	-0.9348345065624649	-0.10089066775870775	-0.8166006548675776	0.906884763045684	0.9713010082316466	0.7905655825318059	0.9999999999999998	0.5741933364179811	0.4889795485827261	0.5297305771225838	-0.870248191528644	-0.6357826511723488	-0.2824962529376665	-0.9358220384301015	-0.30319244112168453	0.484084488698282	0.010071368400826227	-0.6448302297312115	0.10267485953251072	-0.7153879581563123	-0.6594190923411271	0.689872281725377	0.9485001972703672	0.14641906875895555	-0.842138827389797
2999	0.5193226560337922	0.3003171577899177	-0.19676243461392268	0.8076638280687648	-0.6809323492731517	0.11313003841342813	-0.18173732694122316	-0.2875875157021625	-0.5543529950037858	0.671492783282638	-0.43137830962408735	-0.354942024761837	-0.17157033302113686	-0.7433092170923783	0.34792851817530723	-0.49920498908954697	-0.8817034923485002	0.5762067682676851	-0.4776595050010356	0.3051627128735516	-0.5311398125185683	-0.6816526602819867	0.16545569155252426	0.8244782331800843	-0.8879245316620088	0.4030816948890651	-0.8274403857727572	0.7532564534485434	-0.035663832463198784	0.8295689936969092	0.4139586657723575	0.9283269101683775	0.5741933364179811	1.0	0.5684185800968041	-0.3830945973080784	-0.4961638846827494	0.224329674503696	0.62206980321534	-0.8144121322322223	0.5606782181854612	0.1553671396626393	-0.7603255192496803	-0.24597636643995346	-0.5715552858814852	-0.7526228518283173	-0.9716255641083907	0.9698569195215163	0.43382607511899224	0.04209900702619174	-0.9021664944973925
3191	0.7277114828601049	0.8352772664246919	-0.34444489978851156	0.7819686083710133	-0.43592277717937056	0.09004166400139277	-0.7293552472195265	-0.7697800524762609	0.3684053123664744	0.31117054309990244	0.03362622297772171	0.13819588151108092	-0.8906867692833138	0.12024020749243904	-0.1839539513739995	-0.005379401935917364	-0.5275383205312556	-0.05285297412875367	0.3803044019142981	-0.25980917842759094	-0.681366272571038	0.1328185699975458	0.7915857412919212	0.4892480760962198	-0.7400095780558297	0.09441349366453754	-0.5766227125123518	0.22675331408811653	-0.3974875639538855	0.42605787389714594	0.5413596619290733	0.43193142248576283	0.4889795485827261	0.5684185800968041	0.9999999999999998	-0.13281346459394128	-0.8173126106332173	-0.2802705839666204	0.15800145508411045	-0.49782111682040087	0.42284736520269084	0.8724203502180933	-0.60531677548866	-0.8600646304232477	0.28229863946061223	-0.04920370704881425	-0.41610249758937135	0.7285671071941209	0.1875741333396273	-0.7351603536451129	-0.454605189000654
3280	-0.7631208142898647	-0.4973039652461782	0.9079387837385647	-0.6728501779431735	0.9247503669046782	-0.9516857279444482	-0.5806720739048135	0.5956058188224803	0.25216669477720827	-0.9417186988892866	0.9677193845359195	0.9484254920606084	0.1524405331119895	0.4546860052039283	-0.9289915818691277	0.958393434347335	0.7665465395193517	-0.8871258371531728	0.6133321956468788	-0.8995939034099311	-0.4965597377854022	-0.01139599257110087	-0.4383045980611461	-0.8322050910614466	-0.020073191730998398	-0.9978177064588326	-0.19798580778758726	-0.8742077212772112	-0.848774465256558	0.18654138579237356	0.6424454887614147	-0.043552358336552896	0.5297305771225838	-0.3830945973080784	-0.1328134645939413	1.0	-0.40482087506123465	-0.9073000202585554	-0.9476227039118352	-0.22361486230241984	-0.9528584965389377	0.2774817253105947	0.8336211220461766	-0.37808428215650375	0.624433634907798	-0.09646536040876276	0.23423283712259568	-0.24485531765473725	0.6508150962000157	0.24051128709170366	-0.03770031237049395
3372	-0.2123517472691786	-0.38289309950906947	-0.25816791358422686	-0.4030540235436451	-0.04315066158345309	0.4944568155330379	0.9433330538570057	0.27046097520754836	-0.2366642397028292	0.14575267102367703	-0.4871438244098559	-0.5748550544126712	0.5956990507286555	-0.1241680337680553	0.5975950338574644	-0.43105357931604643	0.18769548039923292	0.4023802398319159	-0.4967517169589263	0.6473734814498636	0.9722254473524609	0.13836537148583844	-0.34405177551591526	-0.10034445084257262	0.8337532794711147	0.4241807246551011	0.8087841033674025	0.1365032242677164	0.8265071912751983	-0.6950907151299084	-0.925065574473143	-0.5878778516697575	-0.870248191528644	-0.4961638846827494	-0.8173126106332173	-0.40482087506123465	1.0	0.6935509773512772	0.2749088462483026	0.7643984504028069	0.10990568664109919	-0.8465917642852832	0.1608677577491031	0.9308190065550265	-0.40280008106128984	0.3447916949735257	0.47152140981035795	-0.68681635018844	-0.6849271026827406	0.35898919430831416	0.6462496932220576
3552	0.42125136929675067	0.09265806719156569	-0.6917251125331706	0.3559226614520541	-0.7357693610095603	0.843130723050539	0.8589923924740196	-0.21253144765712154	-0.49409651121227455	0.8106949490587753	-0.9662777402086449	-0.9880713775341078	0.2690896520693406	-0.5867850079061319	0.9915625551501799	-0.9489967034024626	-0.5768674595784028	0.9239095591166564	-0.8184257249059153	0.9952128710210658	0.7058097641751776	-0.15754833564986165	0.039621872471726216	0.6468971226587604	0.24485337269435395	0.9270592249014767	0.3369494445084072	0.8025333680700556	0.964314470834937	-0.25273270646173734	-0.7886162654290979	-0.03032265796401645	-0.6357826511723488	0.224329674503696	-0.2802705839666204	-0.9073000202585554	0.6935509773512772	0.9999999999999999	0.8833136596983021	0.3239156860113661	0.7496358689159289	-0.6556184933358351	-0.5818712709117044	0.7278353039667289	-0.7949878173519271	-0.0017553751211675157	-0.15824977970160997	0.015296909294011911	-0.6207113262749612	0.1450771927599189	0.1196129339598072
3597	0.7006902561186794	0.37322232508554765	-0.7555342176717076	0.7374223454397673	-0.9539946918884573	0.803778049601015	0.5324956153027289	-0.46005015616456324	-0.5049850840284953	0.987173443835459	-0.9726419007230945	-0.9446387590441737	-0.02890300215673075	-0.7019693414191539	0.9344754798601949	-0.9860538680902742	-0.8920152802043853	0.9711323324806415	-0.7687483781466041	0.9069329935864596	0.3094622587567515	-0.2998240400849211	0.2772044876283304	0.9286720466676457	-0.2155960006163665	0.9613634998902157	-0.076332191438946	0.9821864294573004	0.7492472444915927	0.11467180996005766	-0.45071208652465433	0.3417539259331581	-0.2824962529376665	0.62206980321534	0.15800145508411045	-0.9476227039118352	0.27490884624830253	0.8833136596983021	1.0	-0.06480406335451457	0.9291363755782768	-0.3238374178704923	-0.8813695244109494	0.36550272062301226	-0.7986014392831305	-0.22625021981714272	-0.5177357027803452	0.4672096587130535	-0.3830820909081364	-0.0404558798256323	-0.2605713496147551
3624	-0.05531698474263722	0.01474557253620409	-0.37108338822850795	-0.41972712778906895	0.13464062906863994	0.4812732969998289	0.5407495311683936	-0.0885589319296624	0.4452247408451037	-0.11726616244767031	-0.1469319667482703	-0.21379502888059043	0.06319034136173035	0.5131865517831771	0.20779650416352832	-0.06944315068244301	0.44700994987549875	-0.05961197332130494	0.13565737283336654	0.2329990290858158	0.8634672782054758	0.7413185000139141	0.12086287128870876	-0.3453452580017183	0.9437702526864117	0.19976172667680486	0.9956300378250404	-0.2497776434482392	0.5623984465988879	-0.9948466350626536	-0.8337324647123696	-0.9554449846603299	-0.9358220384301013	-0.8144121322322223	-0.49782111682040087	-0.2236148623024198	0.7643984504028069	0.32391568601136606	-0.06480406335451455	1.0000000000000002	0.01158719034050409	-0.31738962533503684	0.272505214816565	0.47825716211389446	0.22657653773034822	0.8659880449122801	0.8820599451102572	-0.8648526750380946	-0.8700535244443752	-0.21702108903742717	0.9780144299541278
3748	0.9090490665028266	0.6857470446223757	-0.9143336684468876	0.8626331720330654	-0.9866079142387995	0.8800335589560141	0.3114618705797139	-0.7551086901874896	-0.1646620628359923	0.967941241380091	-0.8831418992039329	-0.8329481955700706	-0.38426557113060783	-0.4240179517720714	0.8029863718643226	-0.8898130104627037	-0.8835940345887339	0.8160507213453797	-0.47824507618566864	0.7537091620139486	0.2254310618905304	-0.0009768643026967809	0.612354649206573	0.9280540521192212	-0.23922859407588165	0.9420703925438693	-0.03308779662619033	0.8908941049167166	0.6486046595398973	0.0034254664490904227	-0.40066981635582594	0.21683512374812947	-0.30319244112168453	0.5606782181854612	0.42284736520269084	-0.9528584965389378	0.10990568664109919	0.7496358689159289	0.9291363755782768	0.0115871903405041	1.0	-0.004955612249586318	-0.9557897254100033	0.09175149887610513	-0.5205804450053679	0.02165711600718455	-0.38556440489583144	0.47794501194435857	-0.5007895086789118	-0.4068961664948848	-0.1486438854728467
3870	0.4065721773723247	0.6846200460329224	-0.05597814553613951	0.38510509653940034	0.02733632041190411	-0.21075358796858357	-0.9153461355299918	-0.5880054901360101	0.6926149814269131	-0.16868438597189642	0.47330281518603246	0.5566372241787957	-0.892697278349428	0.5420584043609676	-0.5998871455415882	0.4522584243147262	-0.04516715096075851	-0.5262911680408776	0.7795383596153916	-0.6607244991133017	-0.7068297610664652	0.4011117381958189	0.702759926148158	0.005004505394606635	-0.5041669975217107	-0.32746381617683645	-0.39373596829785795	-0.2749651948993061	-0.6733219186430242	0.22063769060100272	0.6348084424905456	0.12510003130984243	0.484084488698282	0.15536713966263932	0.8724203502180933	0.2774817253105947	-0.8465917642852832	-0.655618493335835	-0.3238374178704923	-0.31738962533503684	-0.004955612249586322	1.0	-0.15894848798592817	-0.9806921352074307	0.7077908823306358	0.19920993832820558	-0.03711854961904102	0.38562090252152503	0.23249524742657096	-0.7731214801683748	-0.18336268514757034
3885	-0.9195065286016892	-0.7100531930715112	0.7860020808878297	-0.9671031596642728	0.9787806676729857	-0.70286022103357	-0.08444235860158188	0.7496518493391359	0.21588488286337112	-0.9448182735719863	0.770459617166506	0.6982617165893981	0.45800471868356557	0.49449824143801197	-0.6675243939436694	0.7985448922637131	0.9663829663257251	-0.7549737146120763	0.4297967327778956	-0.6087812434769772	0.06412763709237793	0.1590440407575751	-0.6138057548771261	-0.9795471516817216	0.5139015558503142	-0.8253228241529144	0.3204865174316442	-0.8963443917761161	-0.42207720090606904	-0.27764982442362496	0.11751937706515236	-0.46436971338494093	0.01007136840082624	-0.7603255192496803	-0.6053167754886599	0.8336211220461767	0.16086775774910309	-0.5818712709117045	-0.8813695244109494	0.27250521481656503	-0.9557897254100033	-0.15894848798592812	0.9999999999999998	0.11555508074144359	0.4997048264758365	0.185993919262909	0.6000976153181828	-0.7128301147187729	0.23716025244699737	0.3977275963912254	0.40955010300939965
4005	-0.30762104891122516	-0.5699245652063534	-0.09472661078545686	-0.3591104888088117	-0.08422294445968787	0.35799609577696606	0.9700058305131553	0.4613453937687691	-0.5700812514106699	0.21611628174800215	-0.5384625744371656	-0.6233508422760029	0.8017331528242455	-0.4408238114214158	0.6595550010355341	-0.5053182514581399	0.049071143938973875	0.5434324846395767	-0.7340550257948756	0.7160902064216974	0.8301381794832358	-0.23279744432529795	-0.5732786254771608	0.010508154393122153	0.6186780147081516	0.4188248788816301	0.5440136431411314	0.28303340173705693	0.7796203079675502	-0.3868587201079447	-0.7731703223846288	-0.2733794645606675	-0.6448302297312115	-0.24597636643995355	-0.8600646304232477	-0.37808428215650375	0.9308190065550267	0.7278353039667288	0.36550272062301226	0.4782571621138946	0.09175149887610502	-0.9806921352074307	0.11555508074144374	1.0	-0.6547328367566899	-0.02176018329604471	0.16438537111473137	-0.47454050518905466	-0.41761097532201535	0.6378331612315776	0.33704519281516443
4166	-0.15053961518384879	0.2424985349716848	0.24058672313796806	-0.329868176903236	0.6071988127350869	-0.3978167253188636	-0.6811291141082391	-0.16004880635869778	0.9119857058950709	-0.7110831857753617	0.7965935084396943	0.808638357700373	-0.540622122166578	0.9514816477750263	-0.8335055940031914	0.8211781165856936	0.6491514790859974	-0.912302883089673	0.9938999385315783	-0.8476858874477118	-0.29176165987483715	0.7242759341178642	0.3503997787855734	-0.6555569218711148	0.1671973066200296	-0.674207601408345	0.18154709713827852	-0.8301837513623299	-0.6365191935817555	-0.31561658833311873	0.3359663499914752	-0.48981758361491246	0.10267485953251071	-0.5715552858814852	0.28229863946061234	0.624433634907798	-0.40280008106128984	-0.7949878173519271	-0.7986014392831305	0.22657653773034817	-0.5205804450053679	0.7077908823306359	0.49970482647583647	-0.6547328367566899	1.0	0.6008288302411648	0.6168925288164202	-0.35448740311434307	0.02128390170284104	-0.5674466452505673	0.4151928951698874
4168	0.16836782369406278	0.3845916876537611	-0.42414768503853967	-0.22001768133851657	0.141384565714767	0.39695290103800607	0.07995669828549776	-0.4107723717486	0.8231060810678607	-0.1981803918697738	0.08685302764522104	0.062322349172111303	-0.410058874790481	0.810760917390756	-0.09168916492567351	0.15573572078062084	0.42715895769714407	-0.32900787927553365	0.5452389810627124	-0.0983294341241238	0.5222482210129823	0.9773571056453206	0.5028893976816154	-0.3427485857216521	0.7063417891115638	0.04533838374641239	0.820674823318131	-0.39206475021613213	0.23406223419781724	-0.9114855955085107	-0.5316510123776034	-0.918518795930571	-0.7153879581563123	-0.7526228518283173	-0.0492037070488142	-0.09646536040876276	0.3447916949735257	-0.0017553751211675285	-0.22625021981714272	0.8659880449122801	0.021657116007184556	0.19920993832820566	0.185993919262909	-0.02176018329604482	0.6008288302411647	1.0	0.8870073486026095	-0.6843668845347918	-0.7825028801778772	-0.6368041730165441	0.9119601016648115
4200	-0.3037381867823339	-0.07238269559186403	-0.014228753965671451	-0.6454354169826119	0.5284577055146764	0.06303922790858778	0.15585403161835207	0.0540910693381791	0.6846032150154804	-0.5422745090388825	0.3339790266367946	0.27158217770375265	-0.027156626913600403	0.8126756062175501	-0.27721900987136816	0.40627887954011316	0.7718550461079993	-0.5225204607768499	0.531094487253074	-0.24962337094800824	0.5598067560943849	0.829166941774096	0.06469616545660975	-0.7014260811401928	0.8762584254095601	-0.2666246938373465	0.8749065301717587	-0.6692673046192875	0.10878309511308733	-0.9090600102059564	-0.4810017949656278	-0.9809023818561514	-0.659419092341127	-0.9716255641083907	-0.41610249758937135	0.23423283712259568	0.47152140981035795	-0.15824977970160997	-0.5177357027803453	0.8820599451102573	-0.38556440489583144	-0.037118549619040944	0.6000976153181828	0.16438537111473128	0.6168925288164202	0.8870073486026095	1.0	-0.92589345637	-0.5851303695386926	-0.2583970339880028	0.9601740074268549
4386	0.5402851970987933	0.4075968880032955	-0.14492978724989122	0.8178073830329452	-0.5901512007646648	0.003463314313012599	-0.41109498499541136	-0.368108582829219	-0.36432883002502187	0.5490339305643402	-0.2502147889853617	-0.15978715356399345	-0.3510438233649225	-0.566134158891563	0.14477068428409898	-0.3204851876900946	-0.8084708271872766	0.3825288481323693	-0.2493437547909019	0.09220887634183973	-0.6953829809553458	-0.5667178060329525	0.2858309099851496	0.7406945809043357	-0.9637782376232157	0.25320108396302554	-0.8925182374204502	0.6083390319985631	-0.23442096188114808	0.8558757667468379	0.5761714864329603	0.9154426419747173	0.689872281725377	0.9698569195215163	0.7285671071941211	-0.24485531765473728	-0.68681635018844	0.015296909294011904	0.46720965871305353	-0.8648526750380946	0.4779450119443586	0.38562090252152503	-0.7128301147187729	-0.47454050518905455	-0.3544874031143431	-0.6843668845347918	-0.92589345637	1.0	0.5074847015133563	-0.11435765878806665	-0.9081492393715948
4408	-0.4175350022938835	-0.3832752823436557	0.7780959799288075	-0.07301672680592362	0.36443463074089916	-0.845093306088865	-0.583663326444743	0.4775187182756338	-0.3450757785338254	-0.3636020606443642	0.5394733064183861	0.5695722405784372	0.17695926031554665	-0.2701672074065579	-0.5474576677858449	0.4755942446548633	0.042558501460671715	-0.3221760655897109	0.07697973396505156	-0.5424531494850267	-0.8356927701984701	-0.6716261164768876	-0.4415273208358599	-0.15186788005516755	-0.688265516065064	-0.6220682670199938	-0.8405207109082073	-0.20394215352426054	-0.7801131408078245	0.8629137053861057	0.8990861481830587	0.7281952603590254	0.9485001972703672	0.43382607511899224	0.18757413333962727	0.6508150962000157	-0.6849271026827406	-0.6207113262749612	-0.3830820909081364	-0.8700535244443752	-0.5007895086789119	0.23249524742657082	0.23716025244699732	-0.41761097532201535	0.021283901702841043	-0.7825028801778772	-0.5851303695386926	0.5074847015133563	1.0	0.4287638195677232	-0.7786582656308332
4419	-0.7214638122321577	-0.9270977842744184	0.6124650560438638	-0.4967897424589233	0.3059655441240696	-0.40481282768738797	0.45563735580238557	0.9023364479809733	-0.8090420078827729	-0.1748202190643281	-0.010316811353974203	-0.07467405914874975	0.9600317560753933	-0.5974211938895994	0.13040576239292387	-0.02738904996100989	0.1728987738051454	0.1924479835629384	-0.6054995049598078	0.19454743958144166	0.13069154440973402	-0.7532428598180207	-0.9684088424916469	-0.20512164904517968	0.08836918330385272	-0.17714951885929142	-0.1251432570776689	0.023546011164687835	0.08109448879684956	0.2989517411387455	-0.007287449217417619	0.2818125359811385	0.14641906875895555	0.04209900702619172	-0.7351603536451129	0.24051128709170366	0.35898919430831416	0.1450771927599189	-0.0404558798256323	-0.21702108903742712	-0.4068961664948848	-0.7731214801683748	0.3977275963912254	0.6378331612315776	-0.5674466452505673	-0.6368041730165441	-0.2583970339880028	-0.11435765878806665	0.42876381956772314	1.0	-0.26639017014674693
4446	-0.14461309653878593	0.002082798351954124	-0.24199454530136438	-0.5136105447316364	0.299490671774596	0.32275721398494533	0.37518082551019766	-0.05300150346158014	0.5802049533199006	-0.2986426201030829	0.05735109418964753	-0.00742634748901543	0.00024095618860484592	0.6700540420038299	-3.210036192559321e-05	0.13484663850940354	0.5928649886082332	-0.26573518149500286	0.32538823802934075	0.025085309876018	0.7490101161810193	0.816315633688315	0.12510242348003717	-0.5014663434170353	0.9341385168055775	0.007933504074193042	0.9699077053359657	-0.43709640914327463	0.3776202141558448	-0.9887806376655378	-0.7006954434880496	-0.9959908808283717	-0.842138827389797	-0.9021664944973927	-0.454605189000654	-0.03770031237049394	0.6462496932220576	0.1196129339598072	-0.2605713496147551	0.9780144299541278	-0.14864388547284674	-0.18336268514757034	0.40955010300939965	0.3370451928151644	0.41519289516988733	0.9119601016648113	0.9601740074268549	-0.9081492393715948	-0.7786582656308332	-0.26639017014674693	1.0
