featureid	7378	6097	269	5341	6837	1683	4493	1953	7565	3949	6556	4505	6987	7776	8320	5688	1546	3962	4167	7658	2212	2333	5866	TACGTAGGGGGCAAGCGTTATCCGGATTTACTGGGTGTAAAGGGAGCGTAGGCGGCCATGCAAGTCAGAAGTGAAAGCCCGGGGCTCAACCCCGGGACTGCTTTTGAAACTGTAAGGCTAGATTGCCGGAGAGGTAAGCGGAATTCCTAG	TACGTATGGAGCAAGCGTTATCCGGATTTACTGGGTGTAAAGGGTGCGTAGGTGGCAGTGCAAGTCAGATGTGAAAGGCCGGGGCTCAACCCCGGAGCTGCATTTGAAACTGCGCGGCTAGAGTACAGGAGAGGCAGGCGGAATTCCTAG	TACGTATGGTGCAAGCGTTATCCGGATTTACTGGGTGTAAAGGGAGCGTAGGTGGCAAGGCAAGCCAGAAGTGAAAACCCGGGGCTCAACCGCGGGATTGCTTTTGGAACTGTCATGCTAGAGTGCAGGAGGGGTGAGCGGAATTCCTAG	TACGTAGGGGGCAAGCGTTATCCGGATTTACTGGGTGTAAAGGGAGCGTAGACGGCTTTGCAAGTCTGACGTGAAAATCCGGGGCTCAACCCCGGAACTGCGTTGGAAACTGTGAGGCTTGAGTGCCGGAGAGGTAAGCGGAATTCCTAG	TACGTAGGGGGCAAGCGTTATCCGGATTTACTGGGTGTAAAGGGAGCGTAGACGGCTGTGCAAGTCTGGAGTGAAAGCCCGGGGCTCAACCCCGGGACTGCTTTGGAAACTGTACGGCTGGAGTGCTGGAGAGGCAAGCGGAATTCCTAG
7378	1.0	0.9359050577057199	-0.22131988739582897	-0.08179429744861111	0.8541244158506578	-0.9738847764622566	0.12726210231457638	-0.6821468039877071	0.48418953433422285	-0.9177469351876664	-0.26655941047333265	-0.5406166431465612	0.38347476062900615	0.8041111615707318	0.38200496423474034	-0.9875927787472496	-0.8749199201004496	-0.5370752676018994	-0.8349281373982842	0.5354219709857848	-0.44123210944713076	0.44338604878353266	0.24032265066052022	0.8000142467932924	0.33193049249872797	0.8458693093131897	-0.6276606549748028	-0.8290109182356199
6097	0.9359050577057195	1.0	-0.05862242304859229	-0.4145886242064266	0.6285263309055342	-0.934451967050171	-0.14661522121904774	-0.8502371342716155	0.7530453868270084	-0.7362131573865133	-0.4544660625402533	-0.21282910626673693	0.656592828568544	0.5530865153567418	0.6248240621237602	-0.8699274511647418	-0.8231632484531513	-0.7906929072847027	-0.9637240418858782	0.2045760919229354	-0.11171988077670442	0.7215960240087584	0.2695038150906516	0.7716542746829461	0.3722272585019218	0.8770316550007919	-0.7125310935726127	-0.6044285436467023
269	-0.221319887395829	-0.05862242304859231	1.0	-0.1498914408087996	-0.5585486409599578	-0.0032001215694899146	-0.9125279104105064	-0.4684049396597446	0.07423116838740047	0.5177235626852162	-0.8619660176028993	0.5789618252612069	-0.05606914001830135	-0.5757289622719266	-0.22845206722123712	0.2581490844686432	-0.23724140660895654	-0.04376373189237914	0.13116363638429082	-0.5336093556480751	0.6974346045338498	0.08094190470263793	0.8464710562590371	-0.6741155233618825	0.8153654196091662	0.3327972383726553	-0.619998307678843	0.6308586078782855
5341	-0.08179429744861111	-0.4145886242064266	-0.14989144080879954	1.0	0.34510164276407057	0.0837754502031777	0.5402152297748849	0.5208945245292386	-0.9109201138523874	-0.20791283323333978	0.37354584175502814	-0.7211896151819367	-0.9425929965676738	0.4290373152694301	-0.9013859872840787	-0.07512990128555211	-0.04691879465819504	0.8843686749436853	0.6153205835964726	0.7456202500532367	-0.711356092744993	-0.9291189495346499	0.11782459133786925	-0.2883477202640936	0.05451823889372659	-0.17394346624791138	0.20575796411908656	-0.32516582605416
6837	0.8541244158506578	0.6285263309055341	-0.5585486409599578	0.34510164276407057	1.0000000000000002	-0.7593559559213915	0.5954375406583838	-0.21290700606816795	0.03851705189270784	-0.9886320320118729	0.1987674533570997	-0.88853194210187	-0.012482102286985028	0.995422432027272	0.057206359013956425	-0.912944539363118	-0.6504906581642345	-0.10098044262024239	-0.4972253622085017	0.8784651444660216	-0.8427008150699138	-0.0033967938158018934	-0.036732326579056666	0.7636865316045116	0.024772243669108785	0.5157509744320155	-0.23383990741568694	-0.9958338216718441
1683	-0.9738847764622566	-0.934451967050171	-0.0032001215694899493	0.08377545020317771	-0.7593559559213918	1.0	0.06534074642490852	0.7940506152208064	-0.48319887120750143	0.8295647637638036	0.46465206364142025	0.44536774674153023	-0.34762200947438326	-0.7068329945199825	-0.30684556287600934	0.9580340851939827	0.9581475088385324	0.5313753693796862	0.8061992173651528	-0.4516154095882391	0.3147375229593565	-0.4421411614709414	-0.4515927809170293	-0.6536640366764542	-0.5362489881534637	-0.9429216384232068	0.7850944691333961	0.715707558835301
4493	0.12726210231457644	-0.14661522121904777	-0.9125279104105064	0.540215229774885	0.5954375406583838	0.06534074642490847	0.9999999999999998	0.6347341071885558	-0.45056507124671935	-0.502426272693781	0.8998687732560924	-0.7759855369938559	-0.34885383610074944	0.6459792751412828	-0.18410785390959114	-0.2234352566625175	0.2096890551078894	0.41510584702393166	0.16362528566613996	0.7472408940714238	-0.8764532839302575	-0.4625828280902329	-0.6847049690105195	0.43685806041974407	-0.6866017580125403	-0.3811909725024533	0.6341767363659618	-0.6500219067542093
1953	-0.6821468039877071	-0.8502371342716156	-0.4684049396597446	0.5208945245292387	-0.21290700606816804	0.7940506152208066	0.6347341071885558	1.0000000000000002	-0.7582101546095086	0.33720306925284327	0.8514183965981823	-0.18293321159705542	-0.6148096729899661	-0.1327627924110715	-0.4974212247620232	0.5929413476358352	0.8056186127272129	0.7718924610974786	0.802884533110803	0.16943129984191627	-0.32642319570631545	-0.7369658479883008	-0.6404586298019996	-0.3366928936597291	-0.7172021437929637	-0.9204364281858062	0.9299350401350329	0.1582559815432394
7565	0.48418953433422285	0.7530453868270084	0.07423116838740047	-0.9109201138523875	0.038517051892707904	-0.48319887120750155	-0.45056507124671935	-0.7582101546095085	1.0	-0.18629936597585248	-0.4693838679773102	0.4218110771443325	0.9803668627484504	-0.056281433332339835	0.9375005095942157	-0.34093363459743475	-0.3363281753404184	-0.998022273546643	-0.8826737208071754	-0.44360359551637296	0.4594686940691282	0.9989148039702714	0.029806227973913114	0.5631684357778541	0.12237274154565894	0.5199783419011598	-0.46638959680210496	-0.042637297787225865
3949	-0.9177469351876664	-0.7362131573865134	0.5177235626852162	-0.20791283323333978	-0.988632032011873	0.8295647637638037	-0.502426272693781	0.3372030692528434	-0.1862993659758525	1.0000000000000002	-0.10464594277752906	0.8095746577677817	-0.12856809870130417	-0.9697424319742229	-0.18684950583953547	0.954594975967031	0.7063372739128486	0.2475464902923613	0.6216576906605001	-0.7976921411921989	0.7547389269804601	-0.14444054356380945	0.007115327061326517	-0.8253183201447044	-0.06691779878679378	-0.6012261483501629	0.3201719026389346	0.9829085168319674
6556	-0.26655941047333265	-0.4544660625402534	-0.8619660176028993	0.37354584175502825	0.1987674533570997	0.4646520636414203	0.8998687732560924	0.8514183965981823	-0.4693838679773102	-0.10464594277752909	1.0	-0.4349391423990088	-0.30788798535804024	0.25414135722525144	-0.1381709464057146	0.1957110041925282	0.6123007047937289	0.4599036529542578	0.37995039848858847	0.39975974104067147	-0.5890677888394491	-0.46056641978626517	-0.8771338454843138	0.20713588242079203	-0.9023896338767396	-0.7315754714942035	0.9062301810297451	-0.2738558500498783
4505	-0.5406166431465612	-0.21282910626673696	0.5789618252612069	-0.7211896151819368	-0.88853194210187	0.4453677467415303	-0.7759855369938559	-0.1829332115970554	0.4218110771443325	0.8095746577677817	-0.4349391423990088	1.0	0.4500434408326359	-0.9282915384911421	0.3599134918354909	0.6587691821165881	0.4030765464686146	-0.3645860746782561	0.04376152022411237	-0.9984340828172644	0.9837380971027017	0.45833354823170935	0.09411070828489711	-0.45192700848597084	0.08034638964900487	-0.19698488155174781	-0.04166496665686596	0.8871806293297391
6987	0.3834747606290062	0.656592828568544	-0.05606914001830136	-0.9425929965676736	-0.012482102286984981	-0.3476220094743834	-0.34885383610074955	-0.6148096729899661	0.9803668627484504	-0.12856809870130415	-0.3078879853580402	0.4500434408326359	1.0	-0.10290500845174591	0.9842586373694797	-0.23748499985626828	-0.16557371867501597	-0.9741606935782458	-0.8272807485487168	-0.48061263924944303	0.4521852582296742	0.9852862206917508	-0.15931496000118164	0.5839078515439704	-0.07023129951903506	0.35224720605600945	-0.28282038914469054	-0.009141664695450493
7776	0.8041111615707319	0.5530865153567419	-0.5757289622719265	0.4290373152694301	0.9954224320272721	-0.7068329945199826	0.6459792751412828	-0.13276279241107156	-0.056281433332339745	-0.9697424319742229	0.2541413572252514	-0.9282915384911421	-0.10290500845174583	1.0000000000000002	-0.027191142406124653	-0.8762952968782025	-0.6090502563280787	-0.006235372218862103	-0.41211792411991516	0.9196428344058637	-0.8882806488087532	-0.09779042056612391	-0.0524508228810862	0.7143037101539652	0.0003096857815543752	0.4569979581870024	-0.17832412863319155	-0.9920486073033389
8320	0.38200496423474034	0.6248240621237602	-0.22845206722123718	-0.9013859872840786	0.057206359013956445	-0.3068455628760094	-0.18410785390959122	-0.49742122476202333	0.9375005095942157	-0.1868495058395354	-0.1381709464057146	0.3599134918354909	0.9842586373694797	-0.02719114240612468	1.0	-0.24485520866582117	-0.08817485662625509	-0.9349265714999648	-0.810414417758179	-0.39815319764512297	0.3368692157815805	0.9426602230953528	-0.3197957446133944	0.6695883290994245	-0.22951348320940465	0.25642757013071416	-0.14385317196821318	-0.09261576615840156
5688	-0.9875927787472496	-0.8699274511647418	0.2581490844686431	-0.0751299012855521	-0.912944539363118	0.9580340851939827	-0.22343525666251748	0.5929413476358352	-0.34093363459743464	0.9545949759670309	0.19571100419252818	0.658769182116588	-0.23748499985626823	-0.8762952968782023	-0.24485520866582117	1.0000000000000002	0.8762067305185861	0.398203501514171	0.7392644996229356	-0.6567160187559569	0.5598525960021782	-0.297341424384956	-0.24570869106414533	-0.7627552025583489	-0.3277096672543771	-0.8117418070034654	0.5851458120590878	0.8858590003305042
1546	-0.8749199201004496	-0.8231632484531513	-0.2372414066089566	-0.046918794658195005	-0.6504906581642346	0.9581475088385324	0.20968905510788938	0.8056186127272128	-0.3363281753404184	0.7063372739128486	0.6123007047937289	0.4030765464686146	-0.16557371867501589	-0.6090502563280786	-0.08817485662625509	0.8762067305185861	1.0000000000000002	0.3796640994605138	0.6462364397065765	-0.42498312999050714	0.24384265261002785	-0.29514553440755387	-0.6777282112357649	-0.4120010033084186	-0.7413132538147563	-0.9730623232610313	0.8888825832281727	0.5860202383509562
3962	-0.5370752676018994	-0.7906929072847028	-0.043763731892379164	0.8843686749436853	-0.10098044262024236	0.5313753693796862	0.4151058470239317	0.7718924610974786	-0.998022273546643	0.24754649029236125	0.4599036529542578	-0.36458607467825616	-0.9741606935782458	-0.0062353722188619965	-0.9349265714999647	0.398203501514171	0.3796640994605138	0.9999999999999999	0.9103958760792922	0.386615424923084	-0.40595190860482777	-0.9941971999534346	-0.033244374408575875	-0.6063969181026427	-0.1292181690514471	-0.5540845525527796	0.4840288524503946	0.10428639781112765
4167	-0.8349281373982842	-0.9637240418858783	0.13116363638429082	0.6153205835964726	-0.4972253622085019	0.8061992173651528	0.16362528566613999	0.802884533110803	-0.8826737208071754	0.6216576906605001	0.37995039848858847	0.043761520224112366	-0.8272807485487168	-0.4121179241199151	-0.8104144177581789	0.7392644996229356	0.6462364397065765	0.9103958760792922	1.0000000000000002	-0.024169481162642604	-0.023275435710036742	-0.8607174187915019	-0.08603246058661648	-0.8132579110274669	-0.19411008038976527	-0.742755870995326	0.5781997772913009	0.49180698406105006
7658	0.5354219709857848	0.20457609192293547	-0.5336093556480751	0.7456202500532367	0.8784651444660218	-0.45161540958823904	0.7472408940714238	0.16943129984191627	-0.44360359551637296	-0.797692141192199	0.39975974104067147	-0.9984340828172644	-0.48061263924944303	0.9196428344058638	-0.39815319764512297	-0.6567160187559569	-0.42498312999050714	0.38661542492308393	-0.024169481162642708	1.0	-0.9747473156427017	-0.4807464761793439	-0.04375777495403553	0.414410154507386	-0.03287857065263862	0.21633456365996956	0.010323792587826374	-0.8724449100590362
2212	-0.44123210944713076	-0.11171988077670436	0.6974346045338498	-0.711356092744993	-0.8427008150699139	0.3147375229593565	-0.8764532839302578	-0.32642319570631545	0.4594686940691283	0.7547389269804601	-0.5890677888394491	0.9837380971027018	0.4521852582296742	-0.8882806488087533	0.3368692157815805	0.5598525960021783	0.2438426526100279	-0.40595190860482777	-0.02327543571003675	-0.9747473156427017	1.0	0.4906190812178353	0.2640352374735615	-0.45962759664275227	0.25521304889061475	-0.03668462818974294	-0.21523488670394367	0.8569335116681569
2333	0.44338604878353266	0.7215960240087584	0.08094190470263789	-0.92911894953465	-0.0033967938158019173	-0.4421411614709414	-0.4625828280902329	-0.7369658479883008	0.9989148039702715	-0.14444054356380936	-0.46056641978626517	0.4583335482317094	0.9852862206917508	-0.09779042056612403	0.9426602230953529	-0.29734142438495603	-0.29514553440755387	-0.9941971999534346	-0.8607174187915019	-0.48074647617934396	0.4906190812178354	1.0	0.011055228289651166	0.5388138898434136	0.1012249289053009	0.48448920593287265	-0.43939125993077344	-0.0027521906481252014
5866	0.24032265066052022	0.26950381509065163	0.8464710562590371	0.11782459133786914	-0.036732326579056666	-0.45159278091702937	-0.6847049690105195	-0.6404586298019996	0.02980622797391311	0.007115327061326542	-0.8771338454843138	0.09411070828489712	-0.15931496000118164	-0.05245082288108627	-0.3197957446133944	-0.24570869106414536	-0.6777282112357649	-0.033244374408575895	-0.08603246058661651	-0.04375777495403551	0.26403523747356145	0.011055228289651208	0.9999999999999999	-0.37352457865081207	0.9940132654690922	0.6912368148252048	-0.8625068805669203	0.1274254126391267
TACGTAGGGGGCAAGCGTTATCCGGATTTACTGGGTGTAAAGGGAGCGTAGGCGGCCATGCAAGTCAGAAGTGAAAGCCCGGGGCTCAACCCCGGGACTGCTTTTGAAACTGTAAGGCTAGATTGCCGGAGAGGTAAGCGGAATTCCTAG	0.8000142467932924	0.7716542746829462	-0.6741155233618826	-0.2883477202640936	0.7636865316045116	-0.6536640366764542	0.43685806041974407	-0.3366928936597291	0.5631684357778542	-0.8253183201447044	0.20713588242079203	-0.45192700848597084	0.5839078515439704	0.7143037101539652	0.6695883290994245	-0.762755202558349	-0.4120010033084186	-0.6063969181026427	-0.813257911027467	0.414410154507386	-0.45962759664275227	0.5388138898434136	-0.37352457865081207	1.0	-0.2759627061776027	0.409082160863356	-0.1120510882924115	-0.7958193791334697
TACGTATGGAGCAAGCGTTATCCGGATTTACTGGGTGTAAAGGGTGCGTAGGTGGCAGTGCAAGTCAGATGTGAAAGGCCGGGGCTCAACCCCGGAGCTGCATTTGAAACTGCGCGGCTAGAGTACAGGAGAGGCAGGCGGAATTCCTAG	0.33193049249872797	0.3722272585019218	0.8153654196091662	0.05451823889372651	0.024772243669108795	-0.5362489881534637	-0.6866017580125403	-0.7172021437929637	0.12237274154565882	-0.06691779878679374	-0.9023896338767396	0.08034638964900488	-0.07023129951903509	0.0003096857815543174	-0.2295134832094047	-0.32770966725437717	-0.7413132538147565	-0.1292181690514471	-0.19411008038976518	-0.03287857065263859	0.25521304889061475	0.10122492890530083	0.9940132654690922	-0.2759627061776027	1.0	0.7635755326962868	-0.912582021052132	0.06519329295124243
TACGTATGGTGCAAGCGTTATCCGGATTTACTGGGTGTAAAGGGAGCGTAGGTGGCAAGGCAAGCCAGAAGTGAAAACCCGGGGCTCAACCGCGGGATTGCTTTTGGAACTGTCATGCTAGAGTGCAGGAGGGGTGAGCGGAATTCCTAG	0.8458693093131898	0.8770316550007919	0.3327972383726553	-0.17394346624791135	0.5157509744320156	-0.942921638423207	-0.3811909725024533	-0.9204364281858062	0.5199783419011598	-0.6012261483501629	-0.7315754714942035	-0.19698488155174781	0.35224720605600957	0.4569979581870024	0.25642757013071416	-0.8117418070034657	-0.9730623232610315	-0.5540845525527797	-0.742755870995326	0.21633456365996956	-0.03668462818974297	0.48448920593287265	0.6912368148252048	0.409082160863356	0.7635755326962868	1.0000000000000002	-0.9461554212360526	-0.45240938213482823
TACGTAGGGGGCAAGCGTTATCCGGATTTACTGGGTGTAAAGGGAGCGTAGACGGCTTTGCAAGTCTGACGTGAAAATCCGGGGCTCAACCCCGGAACTGCGTTGGAAACTGTGAGGCTTGAGTGCCGGAGAGGTAAGCGGAATTCCTAG	-0.6276606549748028	-0.7125310935726127	-0.619998307678843	0.20575796411908656	-0.2338399074156871	0.7850944691333961	0.6341767363659617	0.9299350401350329	-0.4663895968021048	0.3201719026389346	0.906230181029745	-0.04166496665686592	-0.2828203891446905	-0.17832412863319144	-0.14385317196821312	0.5851458120590878	0.8888825832281727	0.4840288524503946	0.5781997772913009	0.010323792587826347	-0.2152348867039435	-0.43939125993077344	-0.8625068805669203	-0.11205108829241149	-0.9125820210521323	-0.9461554212360526	0.9999999999999999	0.1566936309709131
TACGTAGGGGGCAAGCGTTATCCGGATTTACTGGGTGTAAAGGGAGCGTAGACGGCTGTGCAAGTCTGGAGTGAAAGCCCGGGGCTCAACCCCGGGACTGCTTTGGAAACTGTACGGCTGGAGTGCTGGAGAGGCAAGCGGAATTCCTAG	-0.8290109182356199	-0.6044285436467022	0.6308586078782855	-0.32516582605416	-0.9958338216718441	0.7157075588353011	-0.6500219067542093	0.15825598154323942	-0.04263729778722586	0.9829085168319676	-0.2738558500498783	0.8871806293297391	-0.00914166469545054	-0.9920486073033389	-0.09261576615840156	0.8858590003305044	0.5860202383509563	0.10428639781112775	0.49180698406105017	-0.8724449100590362	0.8569335116681569	-0.0027521906481252196	0.1274254126391267	-0.7958193791334697	0.06519329295124243	-0.45240938213482823	0.15669363097091304	1.0
