Feature	Intercept_mean	C(NASH_category, Treatment('Non_NASH'))[T.NASH]_mean	Intercept_std	C(NASH_category, Treatment('Non_NASH'))[T.NASH]_std	Intercept_hdi	C(NASH_category, Treatment('Non_NASH'))[T.NASH]_hdi
9e197bf17a1ce700a7de1189a28e0298	-9.097918106749997	1.9332400849880018	2.1894697350603822	2.2576883613659264	(-12.418, -4.58355)	(-2.10128, 6.44729)
15b42a79ac1ac2729a53f4d71fec0e25	-8.419488398000002	-1.2155696680795	1.2883817265630104	1.5381723049303255	(-10.5624, -6.01551)	(-4.05689, 1.77983)
12acee2733a9b1812345a148d7a0419f	-7.060227786005	1.6499871892199984	3.9945770642601843	3.8091806873739644	(-13.7135, 0.846884)	(-6.08838, 8.11404)
7031a46e5f1b646d6b5415a451abe85c	-4.825217299999992	-0.04801640088200002	0.5461648074785752	0.6800144854578096	(-5.77242, -3.76418)	(-1.43791, 1.09374)
6e22d14f100bc10812df7a71d773e75b	-8.04413257964998	0.1708529623800001	4.67823884239948	4.082328316456615	(-16.1498, 0.506902)	(-7.83792, 7.59124)
a6c1d5c393eaa8b78baddc67c010b5fe	-6.110797785000001	-1.1749120165309999	0.4492889796171762	0.5552447252143257	(-6.95126, -5.23514)	(-2.26174, -0.219325)
49507473b8a1bac5bfd0f1dde8380045	-7.084915715000008	0.3763032679464995	0.39366554266367915	0.4745343037677614	(-7.80721, -6.39275)	(-0.548754, 1.17733)
3fb2ce862d743e3d9788332ba6333376	-11.350441394999983	2.856697372934991	2.8441644757993356	2.688777252905553	(-16.1008, -5.22714)	(-2.59102, 7.79773)
4750b30f8ebd89be7f618b77000b5908	-7.603423408000012	-1.4613591992634525	1.1346218430377129	1.4428692680954147	(-9.57646, -5.44194)	(-4.09284, 1.32037)
a513ee539eecb4b239be5dfaa3b8b3c4	-7.847759139999998	0.45243266572549995	0.5845192862629592	0.6897103022660778	(-8.84917, -6.70321)	(-0.95652, 1.65568)
f26ce6e77a0fc4c259b20aa7415d2192	-7.2747384049999955	0.6594348073699999	0.6759062720067078	0.8322294583302428	(-8.45742, -6.01534)	(-0.884261, 2.28007)
03822cb1cb5fa953c2d32618113177bf	-11.010962453949992	2.8547618129035017	2.8489376218476403	2.775218151392646	(-16.0316, -5.56076)	(-2.31697, 8.02084)
726fe9527294f50f4d2654b3a25730a9	-7.466457355	0.15876682399299988	0.7950248995421172	0.9125228277137546	(-8.8229, -6.05501)	(-1.50325, 1.89343)
902ce36bb30cbd0ae2badecac2849fea	-7.931908889999994	0.7860629300785003	0.6232633419685999	0.7451219972221873	(-9.0913, -6.79593)	(-0.618713, 2.2294)
cf217985586125307a454c0a4e262293	-8.04413257964998	0.1708529623800001	4.67823884239948	4.082328316456615	(-16.1498, 0.506902)	(-7.83792, 7.59124)
749368cececc692b80a519617aaeb1e7	-10.015037119574952	1.2973087436367023	4.177351508913047	3.5194035573448765	(-16.6756, -1.98767)	(-5.66733, 7.24742)
923a477c342aa445c4eecca0f8415ed5	-10.322522310000007	-5.154873869269988	0.8195220214750564	3.144802200450039	(-11.8765, -8.69141)	(-10.8609, -0.0604696)
99bd1565d75f00006c157a7dfb1340c4	-7.569574225000008	-0.21214242503064987	0.485160294025902	0.5792884813679636	(-8.35376, -6.54461)	(-1.34437, 0.891699)
52677b4c9fbefb50efa3673b9126174b	-8.401718780000017	0.28815245631099995	0.44396325890540933	0.5290487671503694	(-9.22188, -7.54374)	(-0.680383, 1.27082)
f1cc71ba3d3e0e9964c58dafa8a8bbc0	-7.664395440999984	-1.4068018016049992	1.2577297960483766	1.387626667412209	(-9.46167, -5.28383)	(-4.12703, 1.08056)
d6e558b2e5e35778926bd1988b0d8170	-8.570018629999993	1.2796192491419995	1.2525971121230586	1.3568466878444534	(-10.4256, -5.89965)	(-1.43823, 3.70999)
e613626b2ce8bfbf28995d9b11edaeed	-7.817556678824997	-0.017598594100000194	4.430571767932561	4.097827880564907	(-15.8446, 0.139638)	(-8.3938, 6.97775)
f85b2a937e5b10dd9f5aa30343c7da4d	-8.708065817049972	0.5175143644999999	4.4056133573144	3.9622952168255763	(-16.0959, -0.279474)	(-7.64001, 7.61849)
4141af586669256fd20c1a573d3f3ad2	-9.335277909999988	-0.12895646482809509	0.697403684724516	0.786536689864499	(-10.6696, -8.12742)	(-1.59749, 1.44827)
c04e71ae01360e64d1f4b093781b2b10	-10.896876408470003	0.1702227975855	4.313993977962264	3.295258183712382	(-17.6847, -1.52901)	(-6.66371, 6.15132)
9697093167165ec9bc77828de856e1fe	-8.263750405500005	0.4992116035400007	1.6034654863124833	1.8251498184979722	(-10.725, -5.13069)	(-3.48957, 3.45132)
b285fb4cfa7ec32bd30563d06b8ad433	-6.937963839999995	0.4291354062699998	0.3889914912510993	0.47693429770179746	(-7.70351, -6.19945)	(-0.578083, 1.29163)
de2b74b8890d40f4462c2a39ba26c418	-6.480341104999989	0.6304667304854998	0.38705027300355804	0.4598766816353462	(-7.11282, -5.73016)	(-0.243922, 1.47041)
83b766b6e9b6b0420cc0fd1c05689d2d	-8.6607910605	-1.2702486046964991	2.116111666060924	2.3953710785313422	(-11.7147, -4.12754)	(-6.25437, 3.49961)
d7cb2fc867cf27c1a308562208eb992d	-10.424157420000009	1.103697478529651	1.0695758059156648	1.1850969798940343	(-12.1411, -8.19896)	(-1.13382, 3.22376)
e0f234784df2494390ef5659eaa69184	-5.051418010000007	-1.1844237083249987	0.45223405882257467	0.542951555540027	(-5.91048, -4.24239)	(-2.18163, -0.159698)
2653918cc84c1fedbd74dfb0b90fc102	-4.887137029999997	-0.38845407633950163	0.46998753269717564	0.5633118736692528	(-5.73224, -3.9681)	(-1.36106, 0.760337)
511389b5c9fc8da62e40d5a26d25899a	-7.864680693499991	2.359913824572598	2.381488093640777	2.5209603267221374	(-11.6894, -3.35145)	(-2.91134, 6.71965)
e32f283ff0b4e236db9c0fe5b1327de7	-7.817556678824997	-0.017598594100000194	4.430571767932561	4.097827880564907	(-15.8446, 0.139638)	(-8.3938, 6.97775)
1247b655d9804d0973d52adb92a8975e	-12.92450600999999	3.1098287375999987	1.9721848787446843	1.9819188175913418	(-16.9818, -9.78671)	(0.0712889, 7.45497)
a3cb3a29483774a30b7ce32181738968	-8.079625344999991	-0.25852868312150024	0.41468535047814387	0.5218665357968606	(-8.87831, -7.33093)	(-1.23318, 0.745768)
6afe22267ea7abb7e19d1ac5fd390943	-8.855541834999991	-5.581137142799999	1.384636570632086	3.545252463781125	(-10.9854, -5.58422)	(-12.9703, 0.157838)
cf7f7463ab3cfdd7d0a4046d06f37dc8	-5.273456134999986	0.3688511429879	0.3454427353495971	0.4160810333078375	(-5.91686, -4.63968)	(-0.377519, 1.16188)
02d8d87a6342d4b5b391d82e8d56b957	-6.808425895	-0.8136421101424995	0.39537268975512047	0.4932653372782026	(-7.48863, -6.02171)	(-1.7126, 0.123019)
9a635a3f4244172ba790059805ba08bb	-11.640382114450006	3.158654147422004	2.8350662775574462	2.7355637258722143	(-16.6747, -5.76664)	(-1.5536, 9.3732)
6914456cb3115ba1d4aa9fdf8f5dd7ec	-4.237129054999998	0.5892694416599998	0.30550371287867645	0.36636250262376824	(-4.81684, -3.70355)	(-0.166094, 1.20531)
636c27859c1ac0a7994ca8ed145d03fe	-4.752616029999996	0.24576617738299977	0.48660307574371003	0.5865699013686303	(-5.64496, -3.82742)	(-0.85347, 1.25823)
7a2e014faaca1839b16b6121c9e02e47	-6.963654583400001	0.25918663899500005	4.225127744246675	4.152503761598291	(-14.2961, 0.798079)	(-7.44091, 8.06475)
8bbc92e9c53f0b9f1ea8ff76b16f132f	-4.46478039600001	0.34493867345949997	0.9384712118033195	1.0819181242719231	(-6.12398, -2.83598)	(-1.70145, 2.24016)
2c9b7dd00b0b70d751a52f3162de42b7	-2.149951369000005	-0.5836309544159991	0.43694155762478076	0.5352814731392405	(-2.91591, -1.30868)	(-1.6046, 0.403794)
7d0b7091d8fdb78fcfc3b0a0ea1c4ccf	-7.2603392885	0.9918177278100007	1.2035219956527174	1.3903881161233007	(-9.44586, -5.17105)	(-1.56412, 3.61579)
c412c8ab3f0ad1ae15f020aea11e438e	-8.529818424499991	-0.6233755323849993	2.307085328789361	2.5706170352081377	(-12.1688, -3.94901)	(-5.81671, 4.07583)
0d772f1907bd13a11e8970f74e6a0696	-6.5366108449999984	0.6809289364277508	0.6255346549551324	0.7387504593736202	(-7.70187, -5.44654)	(-0.634974, 2.11537)
d49b6036edb46c7027c4acca629da39f	-6.6832380199999974	-0.9825197633499987	0.7775204166703787	0.959835969329753	(-8.04094, -5.18393)	(-2.77552, 0.912883)
1d2e5f3444ca750c85302ceee2473331	-9.191737884899982	-1.176064014289501	2.654968866207551	2.6571101059968303	(-12.9749, -3.55835)	(-7.44392, 3.24288)
79e9e337b10e2d298bb1b3bde946782d	-4.8775508650000035	-2.5332298417500008	0.6196654621514756	0.7686681513920691	(-6.06567, -3.78194)	(-4.02492, -1.16622)
bcf592a81039a3e154b3349b1f449910	-8.535318587049995	-1.2228517396749978	2.999778327307106	2.9225096086407794	(-12.5091, -2.38095)	(-6.92919, 4.73496)
af4fd07a19035add3a54f4fd0cc11352	-7.026771530000002	0.45163904193800036	0.3684942818437746	0.44885257782354054	(-7.72297, -6.356)	(-0.411997, 1.27102)
679e26e1fa39c79d370763fafc27e942	-8.999909888999998	-3.833042302539996	3.0532546685933606	4.446347116299951	(-13.0935, -2.24908)	(-12.8932, 4.98596)
2ae4d6fb9a3b5d9b559f26bda87eeb3b	-10.66885393699999	0.2713446024705501	1.9503801918051091	1.8865580492854674	(-13.7389, -6.26848)	(-3.82485, 3.65196)
9b513b14e81757bb9537e723bdaa1468	-7.598903541500008	-0.11882494810130002	1.725069843931097	2.0123832431057886	(-10.2206, -4.13469)	(-3.88693, 3.96686)
c9c8a632f5b02623ea0e55f92fc543cd	-8.568914139549987	0.9933454609550004	4.063423008802387	3.7512907035188094	(-15.5371, -0.592701)	(-6.20909, 7.63283)
2736cdb062302a93a544725af357e7d7	-8.186474670000011	0.18339489769300013	1.317576285345593	1.486881330599827	(-10.4244, -5.57947)	(-2.85824, 2.78995)
e852306e2ae16e53274c18216827c27e	-6.1717301538	0.9901244354050017	4.394906967614139	4.2268189581180495	(-14.0492, 2.26729)	(-6.99962, 8.5275)
855c18fbe80869f9770a32882059ab85	-5.58585179885499	-0.6253955485299992	1.6965468596611	2.0226234671850447	(-8.25117, -2.23374)	(-4.34693, 3.10662)
9915a182cf479cb140ba2e3864abd040	-6.5468725749999965	-1.556457307815001	0.9441519962659178	1.095578881067373	(-8.10199, -4.70982)	(-3.61393, 0.534415)
cc925f743eceb951ff4885ab338c2616	-6.607120140000003	0.404790702112	0.5579786320602975	0.6559211833704446	(-7.59969, -5.53315)	(-0.806453, 1.6731)
c8e2ce8722ae2deaae12eb9b9792c6be	-7.969925189250006	0.18890586205149973	4.679816409720596	3.947276578752991	(-16.2629, 1.12977)	(-7.81496, 6.80957)
7d9e151e671cbecef0843f2d444108cf	-8.032497314955007	1.3044828482200006	4.020870605574178	3.739572122161455	(-14.5347, 0.185665)	(-5.67388, 8.01881)
fd2ad9251fb6bdea81fc1029aa50b634	-2.62745203	-0.4467046839875095	0.29061532887905117	0.3524699505168694	(-3.19983, -2.13962)	(-1.10569, 0.192469)
0961bcd6971db7e276fc802130be00e3	-11.238485955	3.2525742955689974	2.9425782228201056	2.856773036362456	(-16.6169, -5.10391)	(-2.61178, 8.49527)
e73fc2655e1cca4a2b1c419da3630c72	-2.5005966953349974	-0.45387182051850056	0.36148401775995453	0.43545794549131867	(-3.11499, -1.86609)	(-1.20378, 0.335704)
252b2620ee96f08d9563ddd148a75214	-9.316582219999985	-0.5198528258854993	0.7206015456727602	0.8841196521128759	(-10.6069, -7.90796)	(-2.13152, 1.02683)
05f9f7bafbfdbdd1299b19b1048b2283	-9.01834302500001	0.26216860628999983	1.00508284371971	1.1528226433072886	(-10.7339, -7.32482)	(-1.63735, 2.44635)
7f5a58e7d359c52af06be1456c75d9b5	-8.105315121014991	-0.17909472250000003	4.4389309404533615	3.8172302902982875	(-15.938, 0.183132)	(-6.94762, 7.39352)
aa5e7338afe8a35fbac4083c1d1b8721	-7.359825624999994	-0.32937189313849974	0.6070003099444101	0.7534228836573261	(-8.55884, -6.22966)	(-1.78228, 1.10747)
def1282a19a832f3b6670ab0ab9aeb92	-6.987459720000012	-0.7968736456400004	0.639775854605283	0.7575473832035022	(-8.16827, -5.78576)	(-2.29484, 0.64213)
21b8486e169a9d5161d8ec072aeb59b9	-6.986482030000007	1.4525752093899993	0.5912519907031003	0.7004011433730581	(-8.04031, -5.96618)	(0.280198, 2.81163)
f317a8a60481a769ff9c36a33fc7c88f	-6.197530989999996	0.2865037536354503	0.4411105015572848	0.5493814093095778	(-6.8972, -5.27834)	(-0.800019, 1.26208)
be65daef90f69cfc35f5bcd8e387d377	-3.852163358709995	-2.768449842258002	1.0962552830644845	1.3819094584342935	(-5.83345, -1.88971)	(-5.39198, -0.137298)
80af69ba7e6c58afc3fdd1d4334e580f	-7.203293902499991	-0.8002129904175006	1.7991996054177433	2.1860004814264915	(-10.0467, -3.75616)	(-5.29519, 3.14919)
e8d767dc2615903871d62bdbbc7cb407	-8.633312859500013	-0.876230109384501	1.6251845282623487	1.8144537350927419	(-11.2266, -5.36604)	(-4.27732, 2.68293)
2be8d27a0d6e81fe2e7f5b0d1000bb07	-9.734425554249993	2.028709176294999	3.432527468571281	3.213210550913254	(-15.1147, -2.51025)	(-4.475, 7.62935)
d90a306bb67d75602d9e789894d2c81e	-7.612156020000002	-0.04769802222399995	0.7149955264763267	0.8443537148725968	(-8.88994, -6.30824)	(-1.71056, 1.50803)
0cee68a333626762a86725bec4c00817	-9.45644928500002	-0.005574605353500002	0.5802342200880075	0.667196383152012	(-10.5815, -8.29469)	(-1.21442, 1.29223)
967a7958406dfe8af43d80a02afd05b9	-9.667264865000018	0.6245371350810496	1.5428342840382367	1.6163045057849654	(-12.4401, -6.88717)	(-2.7018, 3.51134)
746cf7421f47f4326df5e1ec3b418755	-7.443689438449995	-2.6674406546699942	2.0468934795435687	2.553316007495632	(-11.0566, -3.70725)	(-7.82591, 2.29948)
4fb2645a3c6527f0104f151860203109	-8.6607910605	-1.2702486046964991	2.116111666060924	2.3953710785313422	(-11.7147, -4.12754)	(-6.25437, 3.49961)
339c9fff6b3961ff4fc9293e90b23460	-6.687464752399998	3.224039949784999	2.5123748433868434	2.5895947739759944	(-10.4417, -1.61702)	(-1.89486, 7.69695)
fb47ebf73791a9cd5a943010dfc49812	-4.6365886249999955	1.358461429850004	0.4169321067212975	0.5047506211921596	(-5.42362, -3.89441)	(0.37928, 2.28919)
5c53164e55b1a6ac5a3adca191327b1b	-12.780458344999996	4.324207574125006	1.7885927746971104	1.812811766106275	(-16.0085, -9.48365)	(1.22391, 7.93676)
7e24e9783c5c43ce47aa8aedf71e1909	-9.817413009650009	-4.199969515250999	2.673086950646189	3.7633422136143095	(-13.8048, -4.50312)	(-11.4784, 3.29867)
985335f6d7965db9b58dcd8f741f2c3b	-4.451179080000002	-0.14900033637000043	0.4724288095079023	0.561684051205976	(-5.22457, -3.49165)	(-1.22714, 0.877585)
0c74ca25a9308a033fb0ed82924ba42a	-10.545006434999973	1.0546878994349989	0.9095411280173873	0.9822693729705204	(-12.2686, -8.81543)	(-0.643877, 2.98935)
69489dc1b80bc7d777214b41cc953b31	-6.226707034999994	0.5580531997894997	0.6665083705575336	0.7635932408637569	(-7.42141, -4.99311)	(-0.862719, 1.96749)
fb52df71394a54d567c86d70ed2514f9	-7.565422073499994	0.24826631148500025	1.3400188618143047	1.5534704820551894	(-9.74372, -5.11522)	(-2.75223, 3.02149)
055a71db6ce1db07ecff68ce9d0682f2	-9.072276800499996	-0.6965460645734979	1.6451326598307932	1.8373098001266712	(-11.8046, -5.93524)	(-4.409, 2.63192)
6dbeccdecaeb89a34858b202cbc46eb2	-7.4747343599999985	0.11743260864300012	0.495052193156328	0.590035535292482	(-8.34211, -6.47345)	(-0.937087, 1.29107)
951bf3c346118b597e4c1d2d6fe0fb89	-9.010649169999958	1.584549048521	1.1298985168054305	1.2774012536759638	(-10.9877, -6.9204)	(-1.11188, 3.73424)
58f02a8678dfe590aeea33eda191b089	-11.499278304350007	2.1036183534674997	2.9346433631866216	2.7680412055988666	(-16.3742, -4.93842)	(-2.88018, 8.10996)
594eaf92d4c7171ce0b3636ca4f46341	-8.068531868849997	-0.4014807014619995	1.517920367510743	1.601595801818328	(-10.5345, -5.3969)	(-3.5042, 2.41042)
599fb369409af5854ed704b89dba2fe6	-6.189038996450005	-0.14053305401500019	2.4611056243253997	2.7442884721350143	(-9.96587, -1.53213)	(-5.55726, 5.53155)
c00c83c580e045a0d3ea7e5522c30e83	-6.030249274999998	-0.499626270768	0.5907787299973013	0.7136468815160915	(-7.03113, -4.79657)	(-1.99152, 0.807627)
d1db561b8d5ffcf64c5b57d08f9c5817	-9.601659054999994	-0.6073079170949999	0.6345970666094022	0.7893197372020534	(-10.7989, -8.38052)	(-2.10465, 0.840331)
d6f3a6808f1fb78039f2583994b3f739	-6.6951498900000015	-1.9339917776900013	1.3064880425424776	1.7073428229398344	(-8.76714, -4.22395)	(-5.63035, 0.695996)
ffd1e03c534ee37237f4a150ff4e8a74	-7.411777509999995	-0.24690041297499984	0.9945195137969899	1.1398998283738389	(-9.2267, -5.60878)	(-2.37946, 1.91622)
65bc2b52d9d09bde0d63aadfcffa450f	-6.642342644999995	0.35176939809310026	0.655527617757753	0.7553028485902942	(-7.66302, -5.51928)	(-0.935685, 1.68692)
3da811fabbdd7c3088c29e4731f2bd32	-6.631481099999993	0.5885448074199995	0.31142629179436676	0.37542929194320523	(-7.21498, -6.06113)	(-0.0886772, 1.28114)
22dcb100d9f9dcdf1997952348384057	-6.019781829999997	-0.3585488738614999	0.6016950912969551	0.7400885873347495	(-7.0507, -4.79087)	(-1.72196, 1.09315)
74d3dcd6ae99646ad2d0e51a6de52392	-6.942121384000006	-0.9418933371080007	1.06219532421514	1.2208601189251607	(-8.58042, -5.03138)	(-3.19126, 1.29261)
95407e393b861f386c0afe485c8ea7b2	-5.114349369999997	-0.13254923084495016	0.515187215364476	0.6038156604280382	(-6.02176, -4.18128)	(-1.2118, 1.04439)
704094b22aaa1350d06750f2d8f0d199	-5.928606974499992	-6.056281446410003	1.8970014134817643	3.910365911838323	(-8.96226, -2.29063)	(-13.2473, 1.84354)
8db0a45010c16a21e4464b08f91f75a3	-8.999909888999998	-3.833042302539996	3.0532546685933606	4.446347116299951	(-13.0935, -2.24908)	(-12.8932, 4.98596)
d608464f5ef271d8612392dc24f6f187	-7.8440165769000005	-0.6812873030349994	2.079985867193016	2.36170864077073	(-11.1913, -3.74779)	(-5.66973, 3.5214)
408c0a84e49504a68ac665f21a2c0149	-6.653255484999992	-0.087329518485	0.6980340750258294	0.8355425547435087	(-7.87799, -5.35023)	(-1.6227, 1.49059)
fbc186af4b350b9dca3fb521f8efe40f	-7.365368136540006	0.4552173223860013	1.6771214152593878	1.9163833919518174	(-9.96969, -4.00341)	(-3.27172, 4.06703)
3ab446a7c5219627e54bdc9f4cee388c	-9.188505054999982	0.6671768521754996	0.9980681792152761	1.150463957576501	(-11.0122, -7.28623)	(-1.82231, 2.64495)
4a1484e60a200f17a7dade4c4c10ba40	-7.037719143849999	0.3182519215800005	4.390529617905342	4.2946546145868165	(-14.9598, 1.24849)	(-8.04941, 8.24971)
a4c27a77559e7b92301132ade36ccb8d	-9.864639679785027	-4.196280957200005	2.479140601478972	3.6744986633700822	(-13.2564, -4.89438)	(-12.213, 2.49888)
cab0cf41d9e2a3200266b0f8d27732f4	-7.782148035249985	-0.10557852041000002	3.392163745489013	3.3070110425517467	(-13.0219, -1.22082)	(-6.2075, 6.03633)
c0ed23c557f91e06a4dd4891e6cf396c	-5.005704309999992	0.04238787312415005	0.39171840543574654	0.4783777073324525	(-5.73636, -4.31496)	(-0.884845, 0.945619)
677db3643e2fede67bda70999508805d	-8.596985056999996	-0.45184131280999995	1.9871090966717677	2.09708540045417	(-11.5997, -4.44074)	(-4.6563, 3.47885)
ea1712888965e4b09f9062b3a9e0b965	-7.939151066499994	-0.9233137357540007	1.6239343644807225	1.7951024760288392	(-10.4433, -4.64732)	(-5.06093, 1.99159)
2347752b1c24931521b8015f33f18558	-6.251180053849999	-1.5753774811750014	1.8670508851436802	2.4332237313129004	(-9.25867, -2.27257)	(-6.128, 3.31956)
0265505a51611345b19e1c7ad25a4b09	-5.6237241899999955	-1.0080613951499504	0.5620630236983607	0.6913341187897698	(-6.55631, -4.53517)	(-2.22065, 0.316255)
a22aa5ad040d319a75e3e5fc28fdab62	-8.738002180600002	0.31605338221749985	1.612435530941384	1.7264902229883181	(-11.4371, -5.72262)	(-2.92127, 3.73219)
79bedc67f0b243cb3fd97ec87a4ce0df	-10.025307029999988	0.5992636857485018	1.4888660656349113	1.6358313993183564	(-12.4292, -6.83423)	(-2.92338, 3.55364)
f51397633e0abb45f23ba1f201160fa9	-7.517483979999999	-1.1868157591819979	0.6895440775575264	0.8406724298451506	(-8.76099, -6.26532)	(-2.86216, 0.282715)
3bd9259f27f5ee091b992690ffd9d93f	-8.781864470000007	-0.006379007247999982	0.6425375570599113	0.7619356500275164	(-9.96519, -7.52451)	(-1.45285, 1.49874)
b2637b296c45dda4238faa90cbbad314	-8.258779126430005	-0.3950997232864997	1.3229765920186671	1.6072649193554056	(-10.3738, -5.70723)	(-3.8875, 2.26225)
a7bdde1a1704da13ae08a3caf6ae138b	-5.866478610000004	-0.09130700368150005	0.5981781765341057	0.725687043366018	(-6.9847, -4.72809)	(-1.58199, 1.13249)
10960069c1f639258cf06173217d265f	-8.141610213295003	-0.48163590258500005	3.4778898038102652	3.3572628740102797	(-13.8717, -1.3869)	(-6.68498, 6.29381)
0846374b81d0d3b3e8a8864b903c65cd	-6.536372420000017	0.0798757244595	0.767909199767618	0.9275633058153863	(-7.88209, -5.14513)	(-1.64106, 1.77671)
bc3944ce7e67c90a57554226d6f96d30	-9.885359815000001	0.5303277821039996	0.5865242051833117	0.6594227134759811	(-11.0941, -8.94552)	(-0.709647, 1.76265)
a814fa53675e61dfdc958627b6fb14f4	-8.125755339999989	-0.06253638138899972	1.0501108385559519	1.266869871269139	(-9.91137, -6.18961)	(-2.31769, 2.39217)
1a8f4d78785f78a1ac4e95b79749e6ca	-5.108689775000015	0.05546725362650011	0.3809359479858776	0.4665688887603358	(-5.82141, -4.36678)	(-0.818435, 0.960665)
4a28ead7bb5b4396ad6be2eee44ac310	-6.557020495150006	-0.4589389631900013	3.036855117275444	3.3694334833798587	(-11.5362, -0.72163)	(-6.3116, 6.68852)
1155e5ff3910649a94e2326addf65942	-7.64868624735	0.08416210063750025	2.168344086464885	2.3494474386938102	(-10.8777, -3.51049)	(-4.45545, 4.66086)
86fb5e4f9f52147f718e573f68a8adc5	-8.484706089999994	-0.26241435671999985	1.4565718776852064	1.7432450956459868	(-10.8726, -5.54276)	(-3.83855, 2.60363)
21a6c1f6c875ff83464130ad15d89d51	-4.8075638249999955	-0.2109383735619999	0.4910762875195862	0.6103402209806783	(-5.70402, -3.84505)	(-1.44396, 0.875274)
dcbd73521bb9437d17331fad879fdf17	-7.1817713432500065	0.17472409024750024	4.350315151848477	4.1882295827906395	(-14.6937, 1.15062)	(-7.73773, 7.97249)
4a82bd055accf9b920d5236c896db635	-8.667316615000013	-1.2716533833954966	0.8429532649904102	1.0145940123394481	(-10.1044, -7.17757)	(-3.12434, 0.433992)
63a0adafdfb666b7e47754f7fc926faf	-7.696202644999995	-0.33957988264050026	0.5511114567031369	0.683148904434609	(-8.66837, -6.55583)	(-1.62355, 0.967521)
694caec8dad781d338acf4a5b69c3058	-8.20970422	0.2534439334517504	0.6534503665477525	0.7625601094315256	(-9.45642, -7.03441)	(-1.14743, 1.76253)
4a87a908f766fffca0ec166d921728a7	-2.496271243499998	-0.9693679872663512	0.45455420618659254	0.5738377146144203	(-3.30561, -1.62311)	(-2.09859, 0.0657916)
d4e77c532993fdf90510bf07f7fe06cb	-7.990197619460006	0.1998183638700001	4.322210903309616	4.009578133316035	(-15.8394, 0.0838038)	(-6.86984, 8.26802)
0160e14a78b18b903618f11bc732746e	-1.8913940555000008	0.6712465837550008	0.33792216719524265	0.41035962359895334	(-2.50043, -1.26809)	(-0.111493, 1.41347)
bbb2a3b01d4303ad284bebf5403cbbac	-8.186574909999997	-0.4464750646720005	0.3486561167700805	0.42951084730780253	(-8.81564, -7.48648)	(-1.30068, 0.333544)
d8c135a02ecab8cd6a8f2aad6a0d818d	-6.713294375999972	-1.3951310784584972	1.1700142074623638	1.3835858944236596	(-8.56668, -4.36838)	(-4.17814, 0.890079)
5778fe5bd0f0f813a21f3a1e0ba46b67	-8.689548555000016	-0.20639225183599993	0.29669015069523635	0.3705904245183527	(-9.25125, -8.1457)	(-0.959649, 0.463339)
e3f6ad4b3e6c8d1668daac8f91ad497e	-8.014669430850006	0.2623416798549999	2.746089735224938	2.9635468714237816	(-12.4443, -2.77044)	(-5.7451, 5.59077)
5a24bed35972fe08ceb47f6abd173bb8	-9.221232259999994	1.186002481535502	0.9087357418997519	1.0817006422374558	(-10.7866, -7.4994)	(-0.828167, 3.2516)
dbb91f355676d9cb4e3d22fa69ad6292	-7.109683710000001	1.0463984250962497	0.958541780166591	1.1414267555600452	(-8.75043, -5.28075)	(-0.965889, 3.32408)
fa20a29ff6175a1161b783b0bf8828e9	-7.281879043824993	-4.057729924120008	1.511843502250338	2.24416760108538	(-9.9718, -4.50718)	(-7.90996, 0.90886)
4871043dc895f84c21e672afb0b9caca	-3.469598304999997	0.03409575664100008	0.8350739122511387	1.003401232834847	(-4.78122, -1.75322)	(-2.12328, 1.77509)
3008058d9758761fb9975d832d7a035e	-8.987226462505005	0.24209722948100032	4.509440842813524	3.9371901447834126	(-16.7525, -0.512243)	(-8.38691, 6.66589)
a7810d3069cbf6d0c54db6b9b67b1154	-5.684556193949989	-0.37414948864499925	1.8348720329910224	2.0461398549526395	(-8.52031, -2.39481)	(-4.2037, 3.57071)
4f0c9444939147ce28f9ad9aec7d6072	-9.165255834999993	-5.946773989999997	0.7407492857397856	2.6355598447334008	(-10.6926, -7.93502)	(-11.2362, -1.67235)
f00e355475dfc38e4fccc799cf81db0d	-6.305005090000011	-0.7282570036250001	0.439956059606061	0.5346266285928389	(-7.03658, -5.47408)	(-1.74215, 0.255115)
13e68d6b48a2b9f13b340e5fe0445c95	-6.979781904999993	0.7361429554400012	0.35851771166557617	0.41638617158924746	(-7.63444, -6.34269)	(-0.0490329, 1.51878)
e9f791a8d739d0d5bb114e9d6dd47a61	-5.599036502949996	-5.962683066445009	1.9720801905057785	4.185139389820977	(-8.71711, -1.63518)	(-13.317, 2.6551)
4ab830d23bf8ff1288c71ec460dcff0d	-9.006640805000005	0.5279640940164998	2.146504662283727	2.2503173544419552	(-12.3472, -4.70907)	(-3.76772, 4.90676)
ec75a38ab63ac3d827a41846cb8b6bb0	-6.975488330000012	0.28437393286050033	0.6643928999055533	0.7806193370403797	(-8.0442, -5.74037)	(-1.12778, 1.70153)
fa8fd133d35f1f58e08b2cfc9a88cb96	-10.896277716150012	1.3556008613139987	3.6520751168634464	3.21047736148416	(-16.6584, -2.91784)	(-4.768, 7.66687)
243e008192b0a946b5550715dab8e75c	-10.801152098879996	0.5070806723100002	4.370744029415787	3.6101744167129097	(-18.2057, -1.77107)	(-6.94617, 7.11925)
3c9c437f27aca05f8db167cd080ff1ec	-7.072680429820004	0.4806715526049989	4.394289092900002	4.007335305482268	(-15.5454, 0.823682)	(-7.21455, 8.00827)
0f2348ad3325c6e744edec78bb6418ac	-4.892607131999999	-0.7260404333199986	1.1796244904100766	1.504759860254305	(-6.89424, -2.43681)	(-3.80289, 1.92123)
63ef63a0465c6fdee0096363de5b7b63	-3.138816651350002	-0.44850850478750004	1.0152251922029583	1.2643039672283811	(-4.86769, -1.2414)	(-2.82061, 2.10084)
80e9ce0ecee127d5a8cb96d9cf34d401	-6.929731795000002	-2.5713319818450024	0.9731224642650721	1.2435293982450952	(-8.71509, -5.20805)	(-4.86335, -0.0789213)
359e73d48c4baa972dd48e2055cef261	-7.083938330199993	0.7138252426199989	2.666330040765493	2.8789451045119336	(-11.6119, -2.20085)	(-4.99002, 6.02329)
a538fda256b4cae4a5ade4882f8d6e38	-7.452522279999992	0.4450850683095003	0.4954604762976576	0.5732559222282285	(-8.32912, -6.58358)	(-0.587947, 1.57652)
0bc4a7dd51dc09d0fad32ee694f3da67	-7.761050047015012	-0.6164976760899998	1.511274906389102	1.664875092874661	(-10.4223, -5.24756)	(-3.82116, 2.44293)
7fee9350277038eef98dee70b4190563	-5.469510759999989	-0.6009972802799997	0.28978840688668417	0.3429031473612888	(-6.01203, -4.95831)	(-1.22149, 0.0369834)
ab32796d8a34d8d2e7e361b9630cb0e9	-7.918111230000005	-0.44906681369349966	0.6028850420502956	0.739216833318085	(-8.93371, -6.67069)	(-1.9298, 0.908457)
a7e1891140c28532f7f7280778c263e2	-5.8029343560000175	-0.9138631156294981	0.8670955317418032	1.0035551631231234	(-7.20213, -4.24212)	(-2.59591, 0.984739)
649c81e7748b02f167234b3f37471354	-7.98481806	-0.25551268456749987	0.38087010847090147	0.4663992499393211	(-8.74867, -7.36825)	(-1.10981, 0.634835)
ef3590866631e2444e6142bbdf0b85dd	-8.22343871655	1.0921453976950015	3.8712264517478325	3.7498547628089436	(-15.0995, -0.960082)	(-6.15513, 7.84563)
520146f24409cd6ca7d957109aba38d5	-7.7741464649999985	1.4088578019750015	0.6890261523605286	0.7949920281418866	(-8.90241, -6.45294)	(0.026766, 2.96139)
6856fced6d8fd3b42cc76fbc56de06cc	-8.040966061	-1.0425874561721513	1.6068500275117763	1.7971495679934815	(-10.95, -5.15976)	(-4.88291, 2.00439)
7f782768e8d3067af0a923af092239d3	-11.666255535000008	5.024688224774988	2.2553370202386187	2.3180088223259383	(-15.5856, -6.62274)	(0.272989, 9.23427)
7962fd1e48eb3ee4290fa19840f3c1c5	-3.444063559399997	-0.5633814790889996	0.5058107276856131	0.6085935498572917	(-4.32621, -2.49463)	(-1.68185, 0.52878)
cbcfd6279669d3819e9c39e16196432b	-4.210429410000001	-0.21355338392550033	0.38884874355262106	0.468779441858075	(-4.88318, -3.44128)	(-1.12289, 0.631801)
392c52078cb7270c3dba961e4b2e83c9	-7.2829756231000005	-1.7689882969400021	2.9397473304258983	3.3883259120347065	(-11.9741, -1.71005)	(-8.16931, 5.22691)
1e77d5148b83dfe09ea238df36c06409	-10.009426007250001	1.0989733376159025	3.8186367187163874	3.2807786965279178	(-15.7674, -1.64247)	(-5.79846, 7.08946)
2fff156ce55c3a984ed902086d5472e3	-6.538229191900011	-1.5117318247699998	1.4979308208473259	1.802385356567376	(-9.04685, -3.75365)	(-5.05435, 1.94476)
f03b237847b87c89097cdf5f096bc479	-7.985172634999996	0.1011838709004999	0.45082438816828313	0.5546486627166879	(-8.82883, -7.15084)	(-0.884633, 1.20633)
9b0549bb6e63f681bf133d2c7996055d	-8.987226462505005	0.24209722948100032	4.509440842813524	3.9371901447834126	(-16.7525, -0.512243)	(-8.38691, 6.66589)
f3ab15e5e867e88e22c848627e1e3d16	-10.852253570000014	-1.1095517262749985	1.9730081566085131	2.2301811643301077	(-14.0035, -6.48075)	(-5.04211, 3.16526)
41948f16747fcca05c4d6479b04a736d	-10.792753317254993	0.5008823951574997	4.188308806249679	3.4299658224369702	(-17.0343, -1.80521)	(-6.56248, 6.4145)
8778fa56153fa6e1c2cc8742b9515528	-9.952565168999998	0.4802852038099992	1.7451804139055096	1.938723690003128	(-12.8573, -6.55883)	(-3.19441, 4.08633)
1c40ac02c49ea9e03881b0f183373417	-8.987226462505005	0.24209722948100032	4.509440842813524	3.9371901447834126	(-16.7525, -0.512243)	(-8.38691, 6.66589)
a0ba37b76dd3e1f038dc12477a8ba92f	-8.150303904	-3.4401215159649943	3.34921090878635	4.569866030648797	(-12.8872, -1.45117)	(-11.3498, 6.3737)
3af4973333a2fb53d4f764da8cebd075	-8.322998538500014	0.1443522403855	1.5869329914002486	1.758475749214316	(-10.7777, -5.17856)	(-3.3746, 3.17645)
cf4fac0cbb58da66ff59450ec524a7f4	-5.468235984999991	0.5113309134100994	0.2329495231661353	0.28108497268439625	(-5.89307, -5.01678)	(-0.029491, 1.03339)
a7ead60f642eba4d1818f4b855aa8e3c	-8.901020914499993	-0.10205347270000009	1.6549640713215088	1.785873694551226	(-11.6634, -5.74296)	(-3.99798, 3.0334)
bd31e6edecaee3eeab08000d447a1439	-5.179271918450005	-0.54704981549	1.2913745338585023	1.4989502793734792	(-7.19498, -2.60746)	(-3.43402, 2.13617)
3c514cd252f9cea3c097f67a610df639	-11.41270459680001	0.28098462516260014	3.903670549705467	3.077388688633924	(-17.6595, -2.48844)	(-5.94573, 6.09207)
d586534edeec1ab6e2b99e4b7015b5bf	-7.002849359999993	-1.4295329631035019	0.8006982378486858	0.9667626954104225	(-8.37949, -5.48261)	(-3.184, 0.461768)
a99d347a958cfb7fc17720a75e4847f2	-8.739099300499994	0.11959276037500005	4.5482483677626	3.7972191250197818	(-15.6759, 0.651882)	(-7.51465, 7.40176)
7807f01e982015f10d6810bd5503ffb3	-10.671963402869983	2.2063350301435043	3.549628891661164	3.2242084081375304	(-17.0341, -3.6628)	(-4.27983, 7.92082)
b3a8ad2d9a769dd1a7d6989aa62f3305	-9.71858958750001	-0.06037560844500009	2.086570038141869	2.2127177635145237	(-12.8231, -5.42044)	(-4.53041, 4.01213)
faad4078b56ab2bfc13deec775e25d08	-12.575031189800015	1.3790452324300004	2.751773601848417	2.4481531178858393	(-18.1368, -7.66185)	(-2.93792, 6.50502)
afe66aa80b419ae2069587d8f844d6d3	-8.821822816499992	-0.388495732750101	1.6018371445208563	1.805010729650313	(-11.7287, -6.1823)	(-3.76383, 2.91893)
103b5fb4d30f27b99a162e9fe7e08a9b	-7.603868874999995	0.07331554215450009	0.7352806094734742	0.8824143664264363	(-8.88384, -6.23195)	(-1.7701, 1.60914)
31521431043b638a224abfec559adb87	-6.6173125749999935	-0.3839825114735	0.8828927248684408	1.0497891248191737	(-7.97561, -4.84909)	(-2.38862, 1.51003)
b1d33ca822db18f9f6d41df976d5e603	-5.361470906800004	-1.534475697193699	1.243024371254717	1.5361851426227593	(-7.56058, -2.95633)	(-4.72836, 1.25301)
539a09fd38d77c88a4106bfb58700d62	-7.179054300000002	0.1506868383919999	0.3700963426678384	0.4453636183224589	(-7.86005, -6.48602)	(-0.693464, 0.923553)
7c84a255717c923ef731a08905705b8d	-10.667996780699978	-4.050050594234993	2.658493498351857	3.691245364270722	(-14.9751, -4.78119)	(-11.7333, 2.65249)
e4b17cd558b8590655cb6236bf15ac2a	-10.883379203935503	0.3251966956649997	4.239008432297657	3.236020471538171	(-17.4152, -1.65446)	(-6.21009, 6.20914)
c9a9e220b2b8de9c076c7dc988ce119f	-9.107823929999991	-0.5310279018480496	0.8394404047061077	0.975372133598196	(-10.4504, -7.53525)	(-2.14017, 1.39707)
7da3df619234b604145d1885e0ca6876	-4.185564379999996	0.47706080823299984	0.38831019594599325	0.4679563653223222	(-4.90085, -3.46004)	(-0.432278, 1.30799)
cd79f35f96e1b7fe7b111478ced7adc3	-9.360653079999988	-0.3452848652799996	0.5180167827962854	0.6292950509917861	(-10.3468, -8.52862)	(-1.44061, 0.786597)
eb4104bfe7ff965e7288b9e381317aa8	-7.332053914999994	0.8623485569549997	0.5183216581769688	0.6218692830405478	(-8.25026, -6.34662)	(-0.250249, 2.06888)
bb89ff76bf935d0c7ee37fd4ef9d50e5	-9.20636229405001	0.37250245598000026	4.485238129602584	3.8598706073314926	(-16.7811, -0.437456)	(-7.88595, 7.10386)
ecd5fa7940d4be8ae1bf842d866ccee6	-6.955023963650003	-0.21283446383500032	1.9471524511895608	2.196045650152654	(-10.0378, -3.1057)	(-4.53656, 3.5968)
3db08ad717f20fde7085a3e346880d8e	-5.142220040000001	0.35931350112315047	0.44675507218586613	0.5464605209471305	(-5.93501, -4.28541)	(-0.712546, 1.33044)
ca7253d5f8803f723e3b88df83b7e3d0	-9.075360574250006	0.11620646296849992	2.1218759916441874	2.2187149414114953	(-12.4418, -4.97516)	(-4.44473, 3.91346)
94366ad2fb78da8de44a2389716a6bac	-7.750858874240004	-0.911867449695	2.679909769491083	2.7092186531114155	(-12.2361, -2.75345)	(-6.18976, 4.43675)
59c5fb99d0b41a1303f187d9f98a2555	-7.262894535000003	-0.13213220038349976	0.42694137456644293	0.5284479385167488	(-8.1249, -6.51632)	(-1.12659, 0.874459)
762104032142c45f4099d7d8136beb7b	-6.620702275500003	-0.7356380679529989	1.556962176093536	1.8201016458377286	(-9.15692, -3.61917)	(-3.91448, 2.78744)
0ad66f80d24a4bed3f8bd4b1be1b3c6c	-9.249028813	-0.6939107033749988	2.1588288671466778	2.272950367243363	(-12.6255, -4.62314)	(-4.84459, 3.92186)
06c103138502cdd9b9feba706d24cbd3	-7.476752668600011	-1.153697045487498	2.389642348505136	2.824669067028834	(-11.0934, -2.81108)	(-7.28707, 3.90786)
2e04c980752c8fc37c462e08582777d3	-5.4644845699999935	0.08819723748499983	0.5023073252441325	0.6047037580853516	(-6.36622, -4.54308)	(-1.01274, 1.25601)
699071a4a7ce68918e4cd93a61275ecd	-12.572740384999989	2.526456130095004	2.3959305183058	2.3615698048491653	(-17.7733, -8.36863)	(-1.82015, 7.32483)
71d094b7079dfef6a8ba5fe9a1f27226	-5.256831385000003	0.22323697466339987	0.5599393544256663	0.6818743618543042	(-6.31466, -4.20363)	(-1.20992, 1.33346)
1e16d8f059391278a0903640929c1ca4	-6.734308230000009	0.29182014221149966	0.8200712429323856	0.9608912527135027	(-8.0402, -5.10395)	(-1.5645, 2.09083)
5b6e5073c89e5617b7227481b62fcbee	-7.960346892950001	-0.5860554684524999	1.8131635294857098	1.94117396117694	(-10.6017, -4.22547)	(-4.72641, 2.83211)
0186330d9410c4275a911183b4b64918	-6.717976134999993	0.06491671867100017	0.3748110329535558	0.45223956999378095	(-7.35679, -5.9807)	(-0.792407, 0.935983)
3f1a5990efa772909fc3e63ba590af25	-7.683253410000004	0.2217399054350001	0.8407576772180984	1.0168005999315164	(-9.27011, -6.19161)	(-1.61519, 2.16804)
27855b55c9784b5f3bafa12b609ae489	-7.430617471499999	-0.8874780839314993	1.2341144507683375	1.3639793584296531	(-9.47258, -5.23501)	(-3.46881, 1.52586)
8ae9a7813f72789262e9bcada40dabb2	-13.12285758000001	2.5195970443699958	2.1234480498773567	2.1120528302578476	(-17.4151, -9.5186)	(-1.22553, 6.53319)
d1c1529acbbd977e6219701a664424f0	-11.772632975000008	6.099642322200003	2.2224193708686917	2.239316386011309	(-16.1779, -7.6295)	(2.29172, 10.8117)
54273ecc78bcf66411ff6bb36cf90e85	-7.384595576999993	1.0239800267905004	1.9394847436029439	2.1111385825401134	(-10.4466, -3.36131)	(-3.15352, 4.90061)
5efb6d0e4d3426d36140f0295e85589e	-7.990197619460006	0.1998183638700001	4.322210903309616	4.009578133316035	(-15.8394, 0.0838038)	(-6.86984, 8.26802)
c46fb709d49143a3f9b42ed3d3ec3a24	-6.880738459999999	-0.23073705848349974	0.514179399937929	0.6163505647169786	(-7.81856, -5.89809)	(-1.32204, 0.899881)
f31f20496ed5d92e3175aeb3fe8968c7	-4.901659778650001	-0.9040592028475014	1.2221770043612854	1.435505247113893	(-6.96909, -2.68382)	(-3.54971, 1.96112)
63ef5c937138e04534c882421088db60	-7.817556678824997	-0.017598594100000194	4.430571767932561	4.097827880564907	(-15.8446, 0.139638)	(-8.3938, 6.97775)
8377226d76d7f5a7c9236dcb849c8112	-7.969925189250006	0.18890586205149973	4.679816409720596	3.947276578752991	(-16.2629, 1.12977)	(-7.81496, 6.80957)
af59875f7699b66370290675c08385eb	-6.036399685000001	-0.4446147742029994	0.39516420580797895	0.476362632468496	(-6.73717, -5.25352)	(-1.30178, 0.437714)
74f1968b8430f123493c159111e08538	-8.220011754999996	1.1107390875714995	0.5024507899725801	0.5602524082297338	(-9.07069, -7.19907)	(0.056698, 2.13509)
5da16e540fda86adaac9eb06815c21ba	-11.688433614999989	3.1793787259500057	2.6044185496290693	2.609961308993656	(-16.7597, -6.67362)	(-1.89132, 8.28895)
be9fb1d1571f6b8907d5dc9591060e0c	-8.069014816399996	0.9370836563700013	4.017329067948883	3.697226882772474	(-14.6983, 0.0765454)	(-5.84027, 8.39109)
3398308dbfb077c1ddeee436e1bfe575	-8.04413257964998	0.1708529623800001	4.67823884239948	4.082328316456615	(-16.1498, 0.506902)	(-7.83792, 7.59124)
7c57afe3b6b21af9d22cea9e92af463b	-3.368650346	-1.3725662933500014	0.3883109653676607	0.4611226497203382	(-4.00677, -2.75881)	(-2.15716, -0.581303)
44ff26d8105cf822417b4b0c4eb27c02	-3.785545558500001	0.36325849270580063	0.5277963325815153	0.6328687316211944	(-4.66526, -2.74645)	(-0.922372, 1.46066)
26cf312e6020a5a9f142aa9c23f54a94	-7.3783514199999924	0.08426757500130004	0.37748746547002515	0.45490559905323763	(-8.03037, -6.67192)	(-0.749355, 0.905311)
ef1069db8746beeb085860d95659c3e1	-8.04413257964998	0.1708529623800001	4.67823884239948	4.082328316456615	(-16.1498, 0.506902)	(-7.83792, 7.59124)
48dfa84a440fd301d589cdffe60e057a	-5.635289325000008	-0.28108281514550043	0.783540640090221	0.9065860838102174	(-6.89647, -4.22775)	(-1.92586, 1.43608)
8baa3898ce278f3ac2175daed707d05c	-7.549402819999998	-0.2839033004839998	0.39737848483334853	0.49234669185037	(-8.3405, -6.82871)	(-1.28136, 0.589401)
7a20f7055ca2c7462cfa6a7aef16ec28	-7.990197619460006	0.1998183638700001	4.322210903309616	4.009578133316035	(-15.8394, 0.0838038)	(-6.86984, 8.26802)
9864817761692baba9d469667121e805	-6.58959089489999	-0.14418671097100008	1.2678278415170172	1.4795400913805723	(-8.67652, -4.28556)	(-2.91335, 2.36062)
866b299de76305f77c0994d290b00fd9	-8.205585909999998	0.20431716466780014	0.85430429290363	1.0158770336199408	(-9.79261, -6.63844)	(-1.69743, 2.16165)
1079d98118fdec8d1159c1f5dae464c7	-9.96486578999999	0.31125714830950035	0.6566651773276673	0.8450356474659609	(-11.2443, -8.77862)	(-1.10496, 1.79711)
6124ce129bdddcbcd6d5d62ad3fba4dd	-9.416707502000008	-0.6909263960699988	2.1267103384397674	2.179886031332111	(-12.8038, -4.94023)	(-5.22784, 3.63059)
d739069ee9a398db73b131975e6c77f7	-5.570523725000004	-0.4910671494544998	0.510619509984562	0.6064904394643539	(-6.38275, -4.54183)	(-1.59338, 0.651469)
fa5c6396b901dff5b3cdfcea9ae95574	-7.307037953000007	-1.692252304825	1.1771688927217345	1.411637487245779	(-9.30794, -5.32243)	(-4.10043, 0.968265)
660d1dabf777bcce310915d1ff4e27b4	-6.451343747499995	-0.3743820620159995	0.9143846356924535	1.0999055295037736	(-8.02235, -4.72111)	(-2.29395, 1.80262)
134247c006461307f308091f8be9a687	-10.792753317254993	0.5008823951574997	4.188308806249679	3.4299658224369702	(-17.0343, -1.80521)	(-6.56248, 6.4145)
719b9254db7c26cbd23e23a2fb73c260	-8.88982024499999	0.3373325686370006	0.9737748973545626	1.1355305660268	(-10.578, -7.05978)	(-1.95933, 2.2884)
0bb796588cb052d2a5a49bd17a7bac3a	-7.509143194999984	-1.2940523458299982	0.9575032555605971	1.150578529422328	(-9.0984, -5.60986)	(-3.46141, 1.01412)
4661143fbd9a41891bdfb9d1759e64ee	-6.176221553999991	-1.3226796070399982	0.9281159097371284	1.1059923392907327	(-7.76943, -4.50085)	(-3.57427, 0.672303)
09087b4f00a230355b3095630a1bed13	-7.9714585700000065	1.0517900283105004	1.1679801627088338	1.3342593809744516	(-9.7505, -5.70012)	(-1.60617, 3.40666)
2fa980c595269f393b6188894e624abf	-8.472787503179989	0.8238889203094998	3.756247981249606	3.5356664984862225	(-14.8622, -1.10841)	(-5.66367, 7.50121)
f4eefbd4edf2a372131825289fffcca6	-6.096169174999995	-0.04407794725000002	0.6005212604904747	0.7123966093281816	(-7.09555, -4.96033)	(-1.28067, 1.33157)
11f663c2ffcffade8066a7d5da6836db	-7.988939269999997	0.8230982643645002	1.1178067136429113	1.302082503478335	(-9.735, -5.77155)	(-1.47072, 3.33825)
a1b43fc99656d516d589f09aad0785ed	-8.002708782729497	0.7838440887062998	2.6377486915395383	2.880335336569416	(-12.0188, -2.69683)	(-4.93191, 5.96619)
6964ecf170c3769f79fd1691bb1e7445	-8.999909888999998	-3.833042302539996	3.0532546685933606	4.446347116299951	(-13.0935, -2.24908)	(-12.8932, 4.98596)
f813645238ce6b4b8506d2b1a4731626	-7.270868879540009	-0.49100682729699985	2.187176872080396	2.5300228336370645	(-10.421, -2.72535)	(-5.52485, 4.00897)
296e6f2796bd05f64f5b8e878e2d4d90	-6.9567166625000025	-0.7792503572750005	1.1486631935212015	1.3178875909197942	(-8.65141, -4.67791)	(-3.09408, 1.67939)
28ffcf08ac42056a280ce3eda0048052	-5.549110329999993	-0.7778448078690002	0.9253242524341889	1.094968881992601	(-7.09422, -3.83741)	(-2.75614, 1.25978)
42fed1ec74aafd590e2d3c0433498e60	-7.387270065000013	0.14598551215650044	0.7380276639483422	0.8580346460100972	(-8.66813, -6.04916)	(-1.40769, 1.67182)
aa446aad4f8d5f5ebf6a7ff36792767e	-5.711026699999996	-0.3370189738380002	0.5395454339240673	0.6494959312581232	(-6.65019, -4.71934)	(-1.51416, 0.880885)
b44621e5c80607cdfacbf7a81e1cbe41	-9.20636229405001	0.37250245598000026	4.485238129602584	3.8598706073314926	(-16.7811, -0.437456)	(-7.88595, 7.10386)
f5414775dbb62c2ca34068aa87d4da79	-4.894147215000002	-0.03639183409135497	0.4995061130706948	0.6140262926299216	(-5.77367, -3.92089)	(-1.11218, 1.22444)
aadf28ac65837cd1a1d086b875bceda0	-8.07606554500001	-0.5990613397895008	0.9799974970037443	1.1901924442742469	(-9.73684, -6.18923)	(-2.84558, 1.63351)
014505a73c82139810231cf076d91880	-7.234010325349999	-3.717246083099994	1.9455593940810874	2.560088866000055	(-10.2322, -3.59699)	(-8.67349, 0.78292)
f93d4475e6e833f785632216000980b0	-5.815643045000005	0.3192035820299998	0.5529636113595346	0.6681612540712709	(-6.79064, -4.76937)	(-0.872507, 1.6559)
072979c34ca788c2a8f4b61f356c027f	-10.393219308000026	0.8818160484244997	2.0737254906789144	2.1050728895435045	(-14.0324, -5.89271)	(-2.92885, 5.34476)
3961c585ed97be98a9f4ba6594270451	-5.35900794500001	0.4572862040974996	0.48216210990311825	0.574000410270737	(-6.23679, -4.4753)	(-0.663834, 1.47171)
e4299bd188c438115aa76f0c2cb9419a	-8.854720435	-0.48227388014999883	2.3691676526606225	2.531809951915968	(-12.3182, -3.9277)	(-5.56203, 4.20173)
183eca14b63a48da0a4e182f33214500	-5.4976198012950075	-5.9458870016950005	2.0813385386363583	4.276842444832183	(-8.63229, -1.18929)	(-14.6681, 2.35399)
d1d750ce3b00503c204516d27ca0d3b0	-10.247773356205007	-0.48191192030500024	2.7638624238482623	2.344533422657212	(-14.2225, -4.0199)	(-5.34249, 3.848)
4f05d43ba5590d37d0239713f9bc9475	-7.177223135000013	-0.12514130448700023	0.7713465212625399	0.9198512154915187	(-8.42929, -5.58315)	(-2.01391, 1.42238)
35f839f7a320bae00763c1898fda3197	-11.41270459680001	0.28098462516260014	3.903670549705467	3.077388688633924	(-17.6595, -2.48844)	(-5.94573, 6.09207)
d29fe3c70564fc0f69f2c03e0d1e5561	-11.838373655500014	2.2862448102359996	2.990595106401969	2.8720814086234183	(-17.0811, -5.71859)	(-3.9587, 7.12452)
f0a0b22d41f7fda2fa21946266c4c417	-10.72052563999999	2.1336317974034986	1.6045042000504366	1.6891433787924777	(-13.4075, -7.34956)	(-0.776383, 5.49931)
ab22e08cc276e3eb6530e2d9ec630488	-7.554167497925012	-2.6257420406600027	1.908927332028028	2.357514456310701	(-10.5876, -3.87226)	(-7.37521, 1.74143)
ec0d9410c96cd5c374221cda821359fa	-10.931336030000022	-1.1391238919972027	1.7493084781572226	1.9700109990559718	(-14.2432, -7.35578)	(-5.03077, 2.45413)
0df41d7584fa12ed3262ea85ac21039d	-5.010230720000007	0.2774808763099407	0.36071488926544426	0.4450478246828896	(-5.65891, -4.28574)	(-0.541793, 1.1476)
e12aa069e7978c59df40a9772bdf95e1	-9.235503979999997	0.37715315711399916	0.5268464394484978	0.6000363859202185	(-10.3028, -8.39796)	(-0.733031, 1.41921)
7cd21ff6ca065507b48a237f2ace2462	-7.369422174999991	-0.924736969075998	0.766273253556732	0.9096918351722648	(-8.75944, -5.96526)	(-2.6302, 0.733056)
ec732ad6f4d2f80391c0652775c07ef0	-8.496870227850014	-2.141230387380004	2.61326638417999	3.0110348223654455	(-12.3608, -3.52386)	(-8.23834, 2.98429)
b1b9ecda6246c693499359589027d8d0	-5.4445322199999815	-0.4569241117520001	0.42321581212139453	0.5060996923854042	(-6.18156, -4.64499)	(-1.36964, 0.531307)
7c040883f42eca28c6629a5e00fd4af9	-3.1810376895000037	-0.4041480441949994	0.5729062713450451	0.6701742439853942	(-4.13957, -2.08893)	(-1.5555, 0.899808)
879b108ee3daab7dbbb2914d50ed92f0	-8.347843845000009	-0.5380486711029489	0.451306716122047	0.5267588463503772	(-9.0621, -7.44963)	(-1.57122, 0.424621)
5db2cf37007f874e25eb2c901917e15a	-6.414860192649982	-0.986194996072	1.4198811873573516	1.7017657456951905	(-8.73241, -3.69502)	(-4.51206, 1.91456)
864fb808c26f29d79c123613d0d15fab	-6.48373170999999	0.21358793917400018	0.35402191947374684	0.4114606610923823	(-7.12257, -5.83031)	(-0.551237, 0.978911)
d0b9517a6f26f847e3bf839cad5d1633	-7.863934149699993	2.1572549961600003	2.5398653515565432	2.516373200006103	(-11.6248, -2.64113)	(-2.99888, 6.66512)
ab4a8723e7360cd7210a03fa5a8746ab	-5.182542500000001	-0.010798445555099965	0.4606359443574178	0.573761082242731	(-6.02417, -4.36098)	(-1.17725, 1.01828)
a5f692a68aa228639973f221671990d5	-3.9402522249999925	-0.07991936465200009	0.4747118630159766	0.5763412433462499	(-4.82718, -3.02896)	(-1.3045, 0.923142)
b474eab56e9f3cfb7bbb6e2e77feab2b	-8.257768496900006	-3.7273792076699945	3.093946753045539	4.344719029855769	(-12.9067, -1.7674)	(-11.2247, 5.46306)
fc5b974c574daac4bdd7fa5c979638b3	-7.865801054999994	-1.0533799498889997	0.5976380718047819	0.7456396311867317	(-8.94408, -6.77102)	(-2.4596, 0.325628)
cd96684558ab3cd7d8c0a321ae72eb31	-9.20123511849999	-1.1991645969700029	0.9252843499564195	1.1040968266871451	(-10.5924, -7.84267)	(-2.84257, 0.542584)
97525d2e1aee047c16dc6d32a3bdab87	-7.467501724999989	-0.11842859933899991	0.9282296626328931	1.1242885685906785	(-9.06116, -5.7766)	(-2.11208, 2.15951)
5ece98c0cac362bb89d0929bf339db77	-10.770355012999996	-0.04691256629799984	1.813847911575492	1.7717989732400026	(-13.8009, -7.17799)	(-3.48558, 3.14128)
