"Adduct","AllGroups","Analog:Adduct","Analog:Compound_Name","Analog:Compound_Source","Analog:Data_Collector","Analog:GNPSLibraryURL","Analog:IIN Best Ion=Library Adduct","Analog:INCHI","Analog:Instrument","Analog:Ion_Source","Analog:IonMode","Analog:Library_Class","Analog:MassDiff","Analog:MQScore","Analog:MZErrorPPM","Analog:PI","Analog:SharedPeaks","Analog:Smiles","Analog:SpectrumID","Analog:tags","ATTRIBUTE_condition","ATTRIBUTE_disease_stage","ATTRIBUTE_host_age_at_sample_collection","ATTRIBUTE_host_subject_id","ATTRIBUTE_timepoint","charge","cluster index","componentindex","Compound_Name","Compound_Source","Data_Collector","DefaultGroups","G1","G2","G3","G4","G5","G6","GNPSGROUP:10N","GNPSGROUP:11B","GNPSGROUP:11L","GNPSGROUP:12.0","GNPSGROUP:12B","GNPSGROUP:12L","GNPSGROUP:12R","GNPSGROUP:13L","GNPSGROUP:13N","GNPSGROUP:14L","GNPSGROUP:14R","GNPSGROUP:15L","GNPSGROUP:16R","GNPSGROUP:17N","GNPSGROUP:17R","GNPSGROUP:18L","GNPSGROUP:18R","GNPSGROUP:19R","GNPSGROUP:20N","GNPSGROUP:21L","GNPSGROUP:21R","GNPSGROUP:22.0","GNPSGROUP:22L","GNPSGROUP:22N","GNPSGROUP:23N","GNPSGROUP:24L","GNPSGROUP:3L","GNPSGROUP:5L","GNPSGROUP:6R","GNPSGROUP:7.0","GNPSGROUP:7L","GNPSGROUP:7N","GNPSGROUP:8L","GNPSGROUP:8N","GNPSGROUP:9aL","GNPSGROUP:9aR","GNPSGROUP:9bB","GNPSGROUP:9bN","GNPSGROUP:9bR","GNPSGROUP:FA","GNPSGROUP:FT","GNPSGROUP:HCC","GNPSGROUP:nan","GNPSGROUP:NASH","GNPSGROUP:TRF","GNPSGROUP:ZT1","GNPSGROUP:ZT13","GNPSLibraryURL","GNPSLinkout_Cluster","GNPSLinkout_Network","IIN Best Ion=Library Adduct","INCHI","Instrument","Ion_Source","IonMode","Library_Class","MassDiff","MQScore","MZErrorPPM","name","neutral M mass","NODE_TYPE","number of spectra","parent mass","PI","precursor mass","RTConsensus","RTMean","selected","shared name","SharedPeaks","Smiles","SpectrumID","sum(precursor intensity)","tags","UniqueFileSources"
"","N/A","","","","","",,"","","","","","","","","","","","","","nan,FT,FA","nan,NASH,TRF,HCC","nan,7.0,12.0,22.0","11L,8N,9bB,22N,12L,9aR,12R,22L,3L,17N,10N,16R,18L,18R,20N,19R,24L,13L,23N,21R,17R,14L,14R,7L,15L,13N,9aL,12B,nan,7N,21L,8L,5L,9bN,6R,11B,9bR","nan,ZT1,ZT13","0","1395","69","","","","N/A","0.0","0.0","0.0","0.0","0.0","0.0","227.7859415787444","104.01488906169573","110.85043628590554","236.9234187520669","80.26804722858473","102.1717549505376","147.78936360810607","264.9232375179217","126.3647046305274","200.95659779463583","111.04597701579381","211.493301648061","231.21515520879845","657.0840627291577","285.72793054982867","372.9755798766745","428.8004806935576","868.0893191393799","434.26163621955686","128.63543994099578","145.38229163347955","165.0086235958715","131.5043581121521","108.78794578314235","148.3026718256011","83.12988322525817","292.32935720518367","217.6480617331541","292.3120015210004","173.30992755927585","207.4999534810013","198.31827723520402","135.37674017513697","216.01604111039595","154.72031184010203","126.1447559498499","69.6656648571171","94.94687765768487","93.52798035083417","295.01212876149594","217.90537185710286","165.0086235958715","108.25008995221972","236.9234187520669","173.30992755927585","189.6677736695314","202.7770057833396","","https://gnps.ucsd.edu/ProteoSAFe/result.jsp?task=f41b3349635c4db3951083ad68727fc2&view=view_all_clusters_withID&show=true#{""main.cluster index_lowerinput"":""1395.0"",""main.cluster index_upperinput"":""1395.0""}","https://gnps.ucsd.edu/ProteoSAFe/result.jsp?view=network_displayer&componentindex=69&task=f41b3349635c4db3951083ad68727fc2&show=true",,"","","","","","","","","1395","0.0","Feature Node","147","303.1703","","303.1703","3.7837","3.7837","false","1395","","","","27939.433581507845","","N/A"
"","N/A","","","","","",,"","","","","","","","","","","","","","nan,FT,FA","nan,NASH,TRF,HCC","nan,7.0,12.0,22.0","11L,8N,9bB,22N,12L,9aR,12R,22L,3L,17N,10N,16R,18L,18R,20N,19R,24L,13L,23N,21R,17R,14L,14R,7L,15L,13N,9aL,12B,nan,7N,21L,8L,5L,9bN,6R,11B,9bR","nan,ZT1,ZT13","0","1671","69","","","","N/A","0.0","0.0","0.0","0.0","0.0","0.0","88.30389079476177","26.94565746932891","31.97556039799204","81.28936320888135","27.05915276322765","41.54690182734693","54.78002314041796","396.8572466057785","275.15918724885927","212.3417153190511","172.30308673764316","136.8175532147521","160.54954605794305","104.71241613187681","133.34565206988236","88.70893435448536","156.23463662531435","111.67394149891759","128.79619568609965","24.879676177930932","33.679210418107836","63.94441225198421","22.889711445620172","21.115892728914808","35.22091700858826","17.899164826082888","142.23809868134006","164.215097552852","139.10619580636154","128.43369186710504","106.71099044745517","106.4324662628521","121.3972463232879","121.41311748823769","112.03995138641108","165.7898250799573","14.735930408404403","28.70323258882676","26.69511277032434","120.25042390972817","180.06938797099613","63.94441225198421","28.618489172602978","81.28936320888135","128.43369186710504","86.86402015313858","109.68024355193465","","https://gnps.ucsd.edu/ProteoSAFe/result.jsp?task=f41b3349635c4db3951083ad68727fc2&view=view_all_clusters_withID&show=true#{""main.cluster index_lowerinput"":""1671.0"",""main.cluster index_upperinput"":""1671.0""}","https://gnps.ucsd.edu/ProteoSAFe/result.jsp?view=network_displayer&componentindex=69&task=f41b3349635c4db3951083ad68727fc2&show=true",,"","","","","","","","","1671","0.0","Feature Node","142","607.3126","","607.3126","5.1849","5.1849","false","1671","","","","13887.939110433841","","N/A"
"","N/A","","","","","",,"","","","","","","","","","","","","","nan,FT,FA","nan,NASH,TRF,HCC","nan,7.0,12.0,22.0","11L,8N,9bB,22N,12L,9aR,12R,22L,3L,17N,10N,16R,18L,18R,20N,19R,24L,13L,23N,21R,17R,14L,14R,7L,15L,13N,9aL,12B,nan,7N,21L,8L,5L,9bN,6R,11B,9bR","nan,ZT1,ZT13","0","2635","69","","","","N/A","0.0","0.0","0.0","0.0","0.0","0.0","109.82957288320969","73.14493580116222","63.359698138649556","108.98816847741912","34.61921549670919","69.27798356735586","72.09840765716554","248.6383951950033","122.26394905516133","42.39396222535407","38.46503582629339","91.73395673951768","60.92319952166777","194.3701162953396","95.08665415786945","121.66541417326621","294.3401119903858","257.48014401144354","89.22361991887631","28.111933965811264","39.14671239136843","121.2889415654546","58.71428814694764","39.163555894982615","54.01146085943713","27.173007215679828","261.2142316284108","224.37947342317239","309.9379195820179","104.03422758588313","167.04070621203803","118.76073257206578","118.64978000275288","190.43793041648382","207.3002674540183","129.4440153463069","51.07792506787128","50.630387979707216","58.887353589096335","153.45884340803698","147.8207308621553","121.2889415654546","51.40405580483672","108.98816847741912","104.03422758588313","118.56565166797229","99.49984427691145","","https://gnps.ucsd.edu/ProteoSAFe/result.jsp?task=f41b3349635c4db3951083ad68727fc2&view=view_all_clusters_withID&show=true#{""main.cluster index_lowerinput"":""2635.0"",""main.cluster index_upperinput"":""2635.0""}","https://gnps.ucsd.edu/ProteoSAFe/result.jsp?view=network_displayer&componentindex=69&task=f41b3349635c4db3951083ad68727fc2&show=true",,"","","","","","","","","2635","0.0","Feature Node","142","607.3126","","607.3126","4.6903","4.6903","false","2635","","","","15482.305655731176","","N/A"
"","N/A","","","","","",,"","","","","","","","","","","","","","nan,FT,FA","nan,NASH,TRF,HCC","nan,7.0,12.0,22.0","11L,8N,9bB,22N,12L,9aR,12R,22L,3L,17N,10N,16R,18L,18R,20N,19R,24L,13L,23N,21R,17R,14L,14R,7L,15L,13N,9aL,12B,nan,7N,21L,8L,5L,9bN,6R,11B,9bR","nan,ZT1,ZT13","0","201","69","","","","N/A","0.0","0.0","0.0","0.0","0.0","0.0","435.7692921216332","109.71887942731702","102.32332771587724","276.1540578044916","73.42097826004735","93.4655324168933","132.39737989601798","525.6013919474104","407.9571544337837","494.2515831549947","324.7211425298039","425.12287718791845","440.94597597566127","323.4154840795572","367.9709632368868","422.53444756834836","544.878259291521","307.86941854660466","378.68594938411894","67.33847642997188","77.08019633660687","259.35325326220647","88.85098223728447","76.31934677532959","83.21375177104053","73.61436338154314","420.1480314520644","641.9011931180443","554.6424365508126","303.1276481680102","305.96632988461545","318.1373080819612","604.0635525028245","337.0897426444855","378.16334405316934","350.78620357602153","117.95059346662059","101.23560450836227","117.49769367865748","375.3775261413777","478.1775219824304","259.35325326220647","91.78235362796195","276.1540578044916","303.1276481680102","269.56888824941717","299.90660718325637","","https://gnps.ucsd.edu/ProteoSAFe/result.jsp?task=f41b3349635c4db3951083ad68727fc2&view=view_all_clusters_withID&show=true#{""main.cluster index_lowerinput"":""201.0"",""main.cluster index_upperinput"":""201.0""}","https://gnps.ucsd.edu/ProteoSAFe/result.jsp?view=network_displayer&componentindex=69&task=f41b3349635c4db3951083ad68727fc2&show=true",,"","","","","","","","","201","0.0","Feature Node","145","371.1275","","371.1275","3.1056","3.1056","false","201","","","","40277.011233348196","","N/A"
"","N/A","","","","","",,"","","","","","","","","","","","","","nan,FT,FA","nan,NASH,TRF,HCC","nan,7.0,12.0,22.0","11L,8N,9bB,22N,12L,9aR,12R,22L,3L,17N,10N,16R,18L,18R,20N,19R,24L,13L,23N,21R,17R,14L,14R,7L,15L,13N,9aL,12B,nan,7N,21L,8L,5L,9bN,6R,11B,9bR","nan,ZT1,ZT13","0","4334","69","","","","N/A","0.0","0.0","0.0","0.0","0.0","0.0","3.9352342638420206","129.89364361745575","108.42152547432126","42.02894984413677","129.51882603025385","92.34729627279928","71.22202730612958","3.943363624004068","1.967203486710818","2.1418111372785957","1.3863285303607735","2.8124274213093403","1.721275670079106","1.466555420531896","1.2046562941701437","1.4572129453524143","1.7515883399951857","1.5599485538270932","1.3220346094608715","76.1313046501394","64.36775675363711","40.096935914571766","64.63972053503144","65.55566578643526","78.77248696806163","65.50722689939388","2.9176189054258224","3.403180187636768","3.1935974119808987","49.5946499878584","2.3462614134898008","1.562742678637643","1.3447889131119164","2.131156138324446","2.0462196926190206","1.3207051873992792","78.16067193905171","146.78629471479925","194.1818788514985","1.6538142671276639","2.8163590851354217","40.096935914571766","104.20457775524685","42.02894984413677","49.5946499878584","44.89958148013515","44.8563723765014","","https://gnps.ucsd.edu/ProteoSAFe/result.jsp?task=f41b3349635c4db3951083ad68727fc2&view=view_all_clusters_withID&show=true#{""main.cluster index_lowerinput"":""4334.0"",""main.cluster index_upperinput"":""4334.0""}","https://gnps.ucsd.edu/ProteoSAFe/result.jsp?view=network_displayer&componentindex=69&task=f41b3349635c4db3951083ad68727fc2&show=true",,"","","","","","","","","4334","0.0","Feature Node","144","353.1709","","353.1709","2.2946","2.2946","false","4334","","","","6417.695611254658","","N/A"
"","N/A","","","","","",,"","","","","","","","","","","","","","nan,FT,FA","nan,NASH,TRF,HCC","nan,7.0,12.0,22.0","11L,8N,9bB,22N,12L,9aR,12R,22L,3L,17N,10N,16R,18L,18R,20N,19R,24L,13L,23N,21R,17R,14L,14R,7L,15L,13N,9aL,12B,nan,7N,21L,8L,5L,9bN,6R,11B,9bR","nan,ZT1,ZT13","0","472","69","","","","N/A","0.0","0.0","0.0","0.0","0.0","0.0","200.9647055567105","111.62152190808703","98.75703586425595","150.82161157603457","34.46223949177072","112.86807752080081","79.63869026763878","207.19367686116897","117.85618267778402","30.76159582713395","38.46503582629339","82.69730409434824","60.92319952166777","209.71144418318744","109.84418935779736","174.74806146708312","297.99513015510854","257.48014401144354","93.18003188160706","67.68611658942658","39.14671239136843","167.9216539985636","59.70163635607085","56.29949681094229","86.88521171217059","34.610371496004056","298.43074076725856","434.30772036702916","383.3566760129585","109.71104701041739","165.22857424349067","117.10098137119884","114.0926704999746","271.5495500626013","209.66792729069107","183.9191934936884","51.07792506787128","54.287598351904","92.31338000562353","172.40072302632808","195.8975048472294","167.9216539985636","71.71487298879617","150.82161157603457","109.71104701041739","152.9474396837628","119.54636009364066","","https://gnps.ucsd.edu/ProteoSAFe/result.jsp?task=f41b3349635c4db3951083ad68727fc2&view=view_all_clusters_withID&show=true#{""main.cluster index_lowerinput"":""472.0"",""main.cluster index_upperinput"":""472.0""}","https://gnps.ucsd.edu/ProteoSAFe/result.jsp?view=network_displayer&componentindex=69&task=f41b3349635c4db3951083ad68727fc2&show=true",,"","","","","","","","","472","0.0","Feature Node","142","607.3126","","607.3126","4.7471","4.7471","false","472","","","","19445.7719357256","","N/A"
"","N/A","","","","","",,"","","","","","","","","","","","","","nan,FT,FA","nan,NASH,TRF,HCC","nan,7.0,12.0,22.0","11L,8N,9bB,22N,12L,9aR,12R,22L,3L,17N,10N,16R,18L,18R,20N,19R,24L,13L,23N,21R,17R,14L,14R,7L,15L,13N,9aL,12B,nan,7N,21L,8L,5L,9bN,6R,11B,9bR","nan,ZT1,ZT13","0","107","69","","","","N/A","0.0","0.0","0.0","0.0","0.0","0.0","353.5813364091078","77.83069601090571","77.62046811937402","185.98267594844668","28.877985127938","61.292644323288485","54.906858072958975","330.19664414464654","250.13805584887626","401.2856711367598","241.38653334573644","375.96264657990133","392.14483864703885","192.83953251624584","283.7478729299631","333.7704056400132","463.6243902199418","197.77416573183876","224.88102202930156","36.38237079609918","39.526826178170964","180.8449905999151","37.92160100591064","43.85598633628035","49.89809477358097","33.19895252894619","112.80376412215979","312.43453645542235","119.54391092484798","178.91456294297228","148.8233240694072","182.73652175212277","401.07580759531106","299.48284357879055","237.20160335202104","267.3529884441851","38.45002898849197","45.637422340112366","66.25264929305665","254.00227881891422","302.16561187872827","180.8449905999151","50.8874492299706","185.98267594844668","178.91456294297228","154.43928583658732","210.7409339675055","","https://gnps.ucsd.edu/ProteoSAFe/result.jsp?task=f41b3349635c4db3951083ad68727fc2&view=view_all_clusters_withID&show=true#{""main.cluster index_lowerinput"":""107.0"",""main.cluster index_upperinput"":""107.0""}","https://gnps.ucsd.edu/ProteoSAFe/result.jsp?view=network_displayer&componentindex=69&task=f41b3349635c4db3951083ad68727fc2&show=true",,"","","","","","","","","107","0.0","Feature Node","144","305.1861","","305.1861","3.4706","3.4706","false","107","","","","25750.450484610024","","N/A"
"","N/A","","","","","",,"","","","","","","","","","","","","","nan,FT,FA","nan,NASH,TRF,HCC","nan,7.0,12.0,22.0","11L,8N,9bB,22N,12L,9aR,12R,22L,3L,17N,10N,16R,18L,18R,20N,19R,24L,13L,23N,21R,17R,14L,14R,7L,15L,13N,9aL,12B,nan,7N,21L,8L,5L,9bN,6R,11B,9bR","nan,ZT1,ZT13","0","226","69","","","","N/A","0.0","0.0","0.0","0.0","0.0","0.0","313.4636958934626","51.77412190761115","55.38634409974919","168.27885475481443","22.432962872178887","41.72055449845125","40.92031522684235","296.8846161016827","240.0645799146793","421.3583725426751","230.6644169011948","356.2025759724172","409.0397278369357","164.96069504850996","267.63385784128695","325.9980565761748","391.57693295711664","172.88126948175605","192.17760756873298","22.708678920447543","27.87941776543757","148.73963763886184","25.459751012262135","26.242968419838494","37.38469158836374","26.707039940973097","107.72555460675557","274.18586804404157","113.61169038715747","166.41103909202383","127.73571971371365","158.41931198548284","366.437191207668","253.17696262402828","217.22414685050538","255.24793396163042","24.226083012164636","38.1111753593178","41.134976925523475","228.49935778655635","287.5181307072127","148.73963763886184","35.7293221872562","168.27885475481443","166.41103909202383","137.91549648704952","190.69239089076976","","https://gnps.ucsd.edu/ProteoSAFe/result.jsp?task=f41b3349635c4db3951083ad68727fc2&view=view_all_clusters_withID&show=true#{""main.cluster index_lowerinput"":""226.0"",""main.cluster index_upperinput"":""226.0""}","https://gnps.ucsd.edu/ProteoSAFe/result.jsp?view=network_displayer&componentindex=69&task=f41b3349635c4db3951083ad68727fc2&show=true",,"","","","","","","","","226","0.0","Feature Node","145","387.1585","","387.1585","3.4732","3.4732","false","226","","","","23176.165880262048","","N/A"
"[M+H]+","N/A","[M+H]+","Suspect related to Stercobilin (predicted molecular formula: C33H46N4O9S) with delta m/z 79.957 (putative explanation: O-Sulfonation; atomic difference: 3O,1S)","Crude","Wout Bittremieux","http://gnps.ucsd.edu/ProteoSAFe/gnpslibraryspectrum.jsp?SpectrumID=CCMSLIB00010000814","false","nan","Orbitrap","LC-ESI","Positive","4","0.000610352","0.945255","0.9038149999999999","Pieter Dorrestein","11","nan","CCMSLIB00010000814","nan","nan,FT,FA","nan,NASH,TRF,HCC","nan,7.0,12.0,22.0","11L,8N,22N,12L,9aR,12R,22L,3L,17N,10N,16R,18L,18R,20N,19R,24L,13L,23N,21R,17R,14L,14R,7L,15L,13N,9aL,nan,7N,21L,8L,5L,9bN,6R,11B","nan,ZT1,ZT13","0","509","69","Suspect related to Stercobilin (predicted molecular formula: C33H46N4O9S) with delta m/z 79.957 (putative explanation: O-Sulfonation; atomic difference: 3O,1S)","Crude","Wout Bittremieux","N/A","0.0","0.0","0.0","0.0","0.0","0.0","76.11660384845426","31.368580289437137","18.42569710157447","64.83926659369037","0.0","2.7377519721618775","9.918275432870145","73.84537640946792","104.99847417168131","35.37761687659366","46.58838953765377","221.59377064019134","50.30175465790644","108.6751794402345","116.26168397633278","117.71844170482986","142.13275660317032","124.56094106080728","82.40447596754933","11.772880443578094","0.08074107852866413","46.30473998482517","7.359798167824538","19.30449490967092","14.27616839355983","4.207663633223366","24.305831724605316","113.82895835567165","54.12740614570404","42.19756664579356","46.18510376027628","93.65956927738064","81.51736357257539","112.7151174041623","31.14068316820461","20.39849849369386","0.0","0.10272990874773048","0.0","80.62420526515142","84.32225715901063","46.30473998482517","9.011721537086547","64.83926659369037","42.19756664579356","46.42765871821622","57.110303575153694","http://gnps.ucsd.edu/ProteoSAFe/gnpslibraryspectrum.jsp?SpectrumID=CCMSLIB00010000814","https://gnps.ucsd.edu/ProteoSAFe/result.jsp?task=f41b3349635c4db3951083ad68727fc2&view=view_all_clusters_withID&show=true#{""main.cluster index_lowerinput"":""509.0"",""main.cluster index_upperinput"":""509.0""}","https://gnps.ucsd.edu/ProteoSAFe/result.jsp?view=network_displayer&componentindex=69&task=f41b3349635c4db3951083ad68727fc2&show=true","false","nan","Orbitrap","LC-ESI","Positive","4","0.000610352","0.945255","0.9038149999999999","509","0.0","Feature Node","117","675.3054","Pieter Dorrestein","675.3054","4.4571","4.4571","false","509","11","nan","CCMSLIB00010000814","7290.170480564743","nan","N/A"
"","N/A","","","","","",,"","","","","","","","","","","","","","nan,FT,FA","nan,NASH,TRF,HCC","nan,7.0,12.0,22.0","11L,8N,22N,12L,9aR,12R,22L,3L,17N,10N,16R,18L,18R,20N,19R,13L,23N,21R,17R,14L,14R,7L,15L,13N,9aL,nan,7N,8L,5L,9bN,6R,11B","nan,ZT1,ZT13","0","4059","69","","","","N/A","0.0","0.0","0.0","0.0","0.0","0.0","0.3186878825850071","0.4473315215058776","0.28959311860259096","0.3090378097247058","0.0","0.5668556751846522","0.5152256209432899","1.8402866175982664","0.39166277486235596","0.13689094390323303","0.09242130161976213","0.5769664797108952","0.3919410346610751","0.8547415119978916","0.7477293819736033","0.3683157941848208","0.18850923727667265","0.11278788900030058","0.4340460007796796","0.0","0.1492543092213004","0.6079014424317788","0.05607518713120542","0.8184880698676451","0.4408341848406657","0.0","0.4351104656180038","0.8430898726565321","0.453033388259644","0.554896468243695","0.30536508549063085","0.7188562401434457","0.32682763111030183","1.6126833299914574","1.2302068062331895","1.3774741715779617","0.0","0.0761119084281396","0.0","0.73669569129802","0.5450714769957669","0.6079014424317788","0.22487868173664105","0.3090378097247058","0.554896468243695","0.32336396242420473","0.6248255575488565","","https://gnps.ucsd.edu/ProteoSAFe/result.jsp?task=f41b3349635c4db3951083ad68727fc2&view=view_all_clusters_withID&show=true#{""main.cluster index_lowerinput"":""4059.0"",""main.cluster index_upperinput"":""4059.0""}","https://gnps.ucsd.edu/ProteoSAFe/result.jsp?view=network_displayer&componentindex=69&task=f41b3349635c4db3951083ad68727fc2&show=true",,"","","","","","","","","4059","0.0","Feature Node","85","385.1424","","385.1424","5.0144","5.0144","false","4059","","","","66.77309647190799","","N/A"
"","N/A","","","","","",,"","","","","","","","","","","","","","nan,FT,FA","nan,NASH,TRF,HCC","nan,7.0,12.0,22.0","9aR,10N,21R,17R,7L,9aL,nan,9bN","nan,ZT1,ZT13","0","4040","69","","","","N/A","0.0","0.0","0.0","0.0","0.0","0.0","0.036542054651695","0.0","0.0","0.006210655659146046","0.0","0.0","0.0","0.0","0.0","0.0","0.0","0.0","0.0","0.0","0.08391042781377399","0.0","0.0","0.0","0.0","0.0","0.052533276250619036","0.02842861011571536","0.0","0.0","0.0","0.0","0.0","0.0","0.0","0.011469016738761424","0.020873716765235056","0.0","0.0","0.0","0.06342486190647213","0.08452751323453887","0.0","0.05748915115860339","0.0","0.023938877223438983","0.004808165085749342","0.02842861011571536","0.009407932406001636","0.006210655659146046","0.011469016738761424","0.010719237867753473","0.014772518211096184","","https://gnps.ucsd.edu/ProteoSAFe/result.jsp?task=f41b3349635c4db3951083ad68727fc2&view=view_all_clusters_withID&show=true#{""main.cluster index_lowerinput"":""4040.0"",""main.cluster index_upperinput"":""4040.0""}","https://gnps.ucsd.edu/ProteoSAFe/result.jsp?view=network_displayer&componentindex=69&task=f41b3349635c4db3951083ad68727fc2&show=true",,"","","","","","","","","4040","0.0","Feature Node","7","371.1271","","371.1271","4.5994","4.5994","false","4040","","","","1.7910888830438867","","N/A"
"[M+H]+","N/A","[M+H]+","Suspect related to Stercobilin (predicted molecular formula: C33H44N4O7) with delta m/z 13.979 (putative explanation: Thr->Asp substitution|Tryptophan oxidation to oxolactone|aldehyde and ketone modifications|hydroxylation difference carboxylation|proline oxidation to pyroglutamic acid|Oxidation, epoxidation; atomic difference: -2H,1O|-2H,1O|-2H,1O|-2H,1O|-2H,1O|1O,-2H)","Crude","Wout Bittremieux","http://gnps.ucsd.edu/ProteoSAFe/gnpslibraryspectrum.jsp?SpectrumID=CCMSLIB00010000807","false","nan","Orbitrap","LC-ESI","Positive","4","0.000427246","0.949463","0.701176","Pieter Dorrestein","14","nan","CCMSLIB00010000807","nan","nan,FT,FA","nan,NASH,TRF,HCC","nan,7.0,12.0,22.0","11L,8N,9bB,22N,12L,9aR,12R,22L,3L,17N,10N,16R,18L,18R,20N,19R,24L,13L,23N,21R,17R,14L,14R,7L,15L,13N,9aL,12B,nan,7N,21L,8L,5L,9bN,6R,11B,9bR","nan,ZT1,ZT13","0","4250","69","Suspect related to Stercobilin (predicted molecular formula: C33H44N4O7) with delta m/z 13.979 (putative explanation: Thr->Asp substitution|Tryptophan oxidation to oxolactone|aldehyde and ketone modifications|hydroxylation difference carboxylation|proline oxidation to pyroglutamic acid|Oxidation, epoxidation; atomic difference: -2H,1O|-2H,1O|-2H,1O|-2H,1O|-2H,1O|1O,-2H)","Crude","Wout Bittremieux","N/A","0.0","0.0","0.0","0.0","0.0","0.0","9.7108506310662","4.471803207780716","3.67526081753408","6.303667494807773","1.7370592984711462","3.3928393335568585","8.14017304355583","13.860948612677706","14.192700746027246","8.21972571218848","6.22559187635802","13.633822109457345","6.565553442269553","7.716653172106678","9.21157397869575","5.554910621428573","17.56748908331882","8.479032244978809","7.529120554463943","2.6046182136140867","2.2092552090639472","7.347918435199721","5.223006218483017","7.7028877145934604","7.255331812611393","3.448642350161605","14.351415837928752","10.160082197997662","13.176819503090652","7.275930439520287","4.379989929125603","5.2450351741875885","7.176168814336873","14.093481715324465","5.979085630328572","8.250631961498406","2.402342357756042","3.4360650856086643","3.724196342021248","7.634887252345053","10.752988977032253","7.347918435199721","3.911848281539346","6.303667494807773","7.275930439520287","7.763819584083082","6.034096504163007","http://gnps.ucsd.edu/ProteoSAFe/gnpslibraryspectrum.jsp?SpectrumID=CCMSLIB00010000807","https://gnps.ucsd.edu/ProteoSAFe/result.jsp?task=f41b3349635c4db3951083ad68727fc2&view=view_all_clusters_withID&show=true#{""main.cluster index_lowerinput"":""4250.0"",""main.cluster index_upperinput"":""4250.0""}","https://gnps.ucsd.edu/ProteoSAFe/result.jsp?view=network_displayer&componentindex=69&task=f41b3349635c4db3951083ad68727fc2&show=true","false","nan","Orbitrap","LC-ESI","Positive","4","0.000427246","0.949463","0.701176","4250","0.0","Feature Node","141","609.3284","Pieter Dorrestein","609.3284","5.4164","5.4164","false","4250","14","nan","CCMSLIB00010000807","994.2255317286879","nan","N/A"
"[M+H]+","N/A","[M+H]+","Suspect related to Stercobilin (predicted molecular formula: C33H44N4O7) with delta m/z 13.979 (putative explanation: Thr->Asp substitution|Tryptophan oxidation to oxolactone|aldehyde and ketone modifications|hydroxylation difference carboxylation|proline oxidation to pyroglutamic acid|Oxidation, epoxidation; atomic difference: -2H,1O|-2H,1O|-2H,1O|-2H,1O|-2H,1O|1O,-2H)","Crude","Wout Bittremieux","http://gnps.ucsd.edu/ProteoSAFe/gnpslibraryspectrum.jsp?SpectrumID=CCMSLIB00010000807","false","nan","Orbitrap","LC-ESI","Positive","4","0.000427246","0.952567","0.701176","Pieter Dorrestein","14","nan","CCMSLIB00010000807","nan","nan,FT,FA","nan,NASH,TRF,HCC","nan,7.0,12.0,22.0","11L,8N,9bB,22N,12L,9aR,12R,22L,3L,17N,10N,16R,18L,18R,20N,19R,24L,13L,23N,21R,17R,14L,14R,7L,15L,13N,9aL,12B,nan,7N,21L,8L,5L,9bN,6R,11B,9bR","nan,ZT1,ZT13","0","3785","69","Suspect related to Stercobilin (predicted molecular formula: C33H44N4O7) with delta m/z 13.979 (putative explanation: Thr->Asp substitution|Tryptophan oxidation to oxolactone|aldehyde and ketone modifications|hydroxylation difference carboxylation|proline oxidation to pyroglutamic acid|Oxidation, epoxidation; atomic difference: -2H,1O|-2H,1O|-2H,1O|-2H,1O|-2H,1O|1O,-2H)","Crude","Wout Bittremieux","N/A","0.0","0.0","0.0","0.0","0.0","0.0","416.8570878636368","73.64828154867307","70.31787614571483","263.9532975841508","50.283562539104764","90.4249484035777","118.63604575034167","535.4780004953993","370.2477537471906","329.2747129622426","266.83766178420933","294.37376544910234","350.8082868890002","509.0133983485448","399.5659331544991","432.24814448712254","490.3107853287587","363.66015707477317","396.7671423681084","62.80639971293551","67.48020928758415","281.5901780756196","59.888988068269875","46.44140348714475","97.23581442720274","41.02868231127393","690.241149193743","604.4410522716491","619.2050929638414","299.6581692964283","442.3441090116455","345.08973777066683","479.52869715366563","464.570851929117","433.77071855364875","388.35694881561903","66.56699576310876","68.85051319322358","65.4401511621448","426.90395173807127","448.8102049658582","281.5901780756196","67.75154864735295","263.9532975841508","299.6581692964283","266.24200769794885","299.5141808857863","http://gnps.ucsd.edu/ProteoSAFe/gnpslibraryspectrum.jsp?SpectrumID=CCMSLIB00010000807","https://gnps.ucsd.edu/ProteoSAFe/result.jsp?task=f41b3349635c4db3951083ad68727fc2&view=view_all_clusters_withID&show=true#{""main.cluster index_lowerinput"":""3785.0"",""main.cluster index_upperinput"":""3785.0""}","https://gnps.ucsd.edu/ProteoSAFe/result.jsp?view=network_displayer&componentindex=69&task=f41b3349635c4db3951083ad68727fc2&show=true","false","nan","Orbitrap","LC-ESI","Positive","4","0.000427246","0.952567","0.701176","3785","0.0","Feature Node","142","609.3284","Pieter Dorrestein","609.3284","4.8133","4.8133","false","3785","14","nan","CCMSLIB00010000807","39924.24834746374","nan","N/A"
"","N/A","","","","","",,"","","","","","","","","","","","","","nan,FT,FA","nan,NASH,TRF,HCC","nan,7.0,12.0,22.0","11L,8N,9bB,22N,12L,9aR,12R,22L,3L,17N,10N,16R,18L,18R,20N,19R,24L,13L,23N,21R,17R,14L,14R,7L,15L,13N,9aL,12B,nan,7N,21L,8L,5L,9bN,6R,11B,9bR","nan,ZT1,ZT13","0","3967","69","","","","N/A","0.0","0.0","0.0","0.0","0.0","0.0","26.613811916409187","11.236694829369897","13.976532103285605","19.55001665192631","3.5918888055758247","13.813475398077976","21.310211525602938","37.30005928023265","30.177470739896936","12.005786508263476","11.251288596079492","32.63923177209223","28.40027608667195","19.577956904656943","21.828783518040122","14.772175904432315","21.977251000336807","13.617043794713835","34.155569519886356","5.316526720522121","3.178312406447111","25.61117117641063","3.092841871485715","4.15449544225971","10.691886390723894","4.4675368051736495","28.907876872275605","31.59003761404036","16.96585727294702","18.803462575187076","45.435021996852726","36.70837235238823","38.8341835477366","40.12552496267293","43.387027911150746","31.0045035672066","3.625930161246525","6.5932588525116245","9.66452513804338","32.24278305500756","26.015740026807734","25.61117117641063","7.934401695581461","19.55001665192631","18.803462575187076","14.713867485179238","26.319011833991702","","https://gnps.ucsd.edu/ProteoSAFe/result.jsp?task=f41b3349635c4db3951083ad68727fc2&view=view_all_clusters_withID&show=true#{""main.cluster index_lowerinput"":""3967.0"",""main.cluster index_upperinput"":""3967.0""}","https://gnps.ucsd.edu/ProteoSAFe/result.jsp?view=network_displayer&componentindex=69&task=f41b3349635c4db3951083ad68727fc2&show=true",,"","","","","","","","","3967","0.0","Feature Node","146","303.1703","","303.1703","4.805","4.805","false","3967","","","","2901.2894041849418","","N/A"
"","N/A","","","","","",,"","","","","","","","","","","","","","nan,FT,FA","nan,NASH,TRF,HCC","nan,7.0,12.0,22.0","11L,8N,9bB,22N,12L,9aR,12R,22L,3L,17N,10N,16R,18L,18R,20N,19R,24L,13L,23N,21R,17R,14L,14R,7L,15L,13N,9aL,12B,nan,7N,21L,8L,5L,9bN,6R,11B,9bR","nan,ZT1,ZT13","0","594","69","","","","N/A","0.0","0.0","0.0","0.0","0.0","0.0","822.2224504917373","483.88009658693954","503.05349848649115","513.085025182842","334.55532776288373","413.84944432229173","521.315722608761","612.7915902538717","498.89284158463545","540.8309221612158","533.4912807837154","948.3953248143184","628.3697280371773","659.1902143748384","731.4232420759453","829.473843219339","1117.831101222528","533.2306471277614","614.5409675778131","259.2882407194745","350.0378548439728","524.7720001068294","391.0938380522047","307.3882085007107","289.4400815628662","195.15662532321682","605.7646976408301","755.9136244489248","647.1870920834187","572.5032895372244","343.27638088055505","434.6362289316999","844.1710128529975","614.1312895023037","665.0601531048978","657.6467228950648","282.7139079583898","428.05659077105355","491.643514766821","634.8228009179833","679.2463264800657","524.7720001068294","381.0520184467384","513.085025182842","572.5032895372244","505.024503670171","577.7372242136089","","https://gnps.ucsd.edu/ProteoSAFe/result.jsp?task=f41b3349635c4db3951083ad68727fc2&view=view_all_clusters_withID&show=true#{""main.cluster index_lowerinput"":""594.0"",""main.cluster index_upperinput"":""594.0""}","https://gnps.ucsd.edu/ProteoSAFe/result.jsp?view=network_displayer&componentindex=69&task=f41b3349635c4db3951083ad68727fc2&show=true",,"","","","","","","","","594","0.0","Feature Node","149","321.1807","","321.1807","3.9831","3.9831","false","594","","","","77113.65676356065","","N/A"
"[M+H]+","N/A","[M+H]+","Suspect related to Stercobilin (predicted molecular formula: C31H38N12O7) with delta m/z 95.952 (putative explanation: unspecified; atomic difference: unspecified)","Crude","Wout Bittremieux","http://gnps.ucsd.edu/ProteoSAFe/gnpslibraryspectrum.jsp?SpectrumID=CCMSLIB00010000816","false","nan","Orbitrap","LC-ESI","Positive","4","0.0020751999999999997","0.728997","3.00188","Pieter Dorrestein","7","nan","CCMSLIB00010000816","nan","nan,FT,FA","nan,NASH,TRF,HCC","nan,7.0,12.0,22.0","11L,8N,9bB,22N,12L,9aR,12R,22L,3L,17N,10N,16R,18L,18R,20N,19R,24L,13L,23N,21R,17R,14L,14R,7L,15L,13N,9aL,12B,nan,7N,21L,8L,5L,9bN,6R,11B,9bR","nan,ZT1,ZT13","0","1772","69","Suspect related to Stercobilin (predicted molecular formula: C31H38N12O7) with delta m/z 95.952 (putative explanation: unspecified; atomic difference: unspecified)","Crude","Wout Bittremieux","N/A","0.0","0.0","0.0","0.0","0.0","0.0","51.52810121678409","17.23303843404541","31.200959877012863","52.06583706198647","17.24089526211076","42.979197140967536","42.19643728895684","64.56738680721283","54.281782432044224","48.90138845120822","72.20466759458051","79.42776417428915","37.72201311917116","54.24569527309211","77.43526242074562","88.32301371220171","74.74884817466975","129.58314231567252","66.56348921503098","21.448351433440514","43.06784272801238","34.37913315804204","29.679232705402747","11.642967843988698","40.93482641364983","15.50015612360862","43.62974888970453","82.82322789131486","35.24164466316667","50.224946304353935","37.04912397257221","52.26007337080544","53.8326816945148","72.774042941484","56.624740717834094","46.12951029655517","15.100202932414586","44.32642107936262","67.87496792566937","60.647209492729935","58.64632177817395","34.37913315804204","31.461883552964636","52.06583706198647","50.224946304353935","37.12089900792787","59.138896323258464","http://gnps.ucsd.edu/ProteoSAFe/gnpslibraryspectrum.jsp?SpectrumID=CCMSLIB00010000816","https://gnps.ucsd.edu/ProteoSAFe/result.jsp?task=f41b3349635c4db3951083ad68727fc2&view=view_all_clusters_withID&show=true#{""main.cluster index_lowerinput"":""1772.0"",""main.cluster index_upperinput"":""1772.0""}","https://gnps.ucsd.edu/ProteoSAFe/result.jsp?view=network_displayer&componentindex=69&task=f41b3349635c4db3951083ad68727fc2&show=true","false","nan","Orbitrap","LC-ESI","Positive","4","0.0020751999999999997","0.728997","3.00188","1772","0.0","Feature Node","145","691.3011","Pieter Dorrestein","691.3011","4.3125","4.3125","false","1772","7","nan","CCMSLIB00010000816","6933.302225944669","nan","N/A"
"","N/A","","","","","",,"","","","","","","","","","","","","","nan,FT,FA","nan,NASH,TRF,HCC","nan,7.0,12.0,22.0","11L,8N,9bB,22N,12L,9aR,12R,22L,3L,17N,10N,16R,18L,18R,20N,19R,24L,13L,23N,21R,17R,14L,14R,7L,15L,13N,9aL,12B,nan,7N,21L,8L,5L,9bN,6R,11B,9bR","nan,ZT1,ZT13","0","246","69","","","","N/A","0.0","0.0","0.0","0.0","0.0","0.0","42.49553323063748","3.4590579406928317","7.654277395865898","42.14327923983229","0.19365128856690697","12.793978589701194","3.5009686023009463","392.4335650544769","121.43117297874166","62.68514611769774","48.93623917598151","92.92200630650231","72.63940335282997","108.3132304440143","121.18189420498281","24.516448527045807","32.95164773604607","118.4815046806569","92.41940301284612","2.062879376165767","4.156683826843584","26.258424457180517","1.1738709760770285","6.44541960465517","5.742924868499481","6.266382702531371","10.496116182212294","57.42552456443176","8.977541288966348","48.741821315417546","35.51022922794893","26.87951480522873","17.619807653414625","48.00678226514783","54.1278544329674","41.47655749301651","0.7113736540268696","3.762952890530435","4.74066767845137","54.93544852385907","84.6537089655009","26.258424457180517","4.664799025102322","42.14327923983229","48.741821315417546","41.47047448594811","42.36738630770444","","https://gnps.ucsd.edu/ProteoSAFe/result.jsp?task=f41b3349635c4db3951083ad68727fc2&view=view_all_clusters_withID&show=true#{""main.cluster index_lowerinput"":""246.0"",""main.cluster index_upperinput"":""246.0""}","https://gnps.ucsd.edu/ProteoSAFe/result.jsp?view=network_displayer&componentindex=69&task=f41b3349635c4db3951083ad68727fc2&show=true",,"","","","","","","","","246","0.0","Feature Node","123","399.2278","","399.2278","5.2987","5.2987","false","246","","","","5920.675210136087","","N/A"
"","N/A","","","","","",,"","","","","","","","","","","","","","nan,FT,FA","nan,NASH,TRF,HCC","nan,7.0,12.0,22.0","11L,8N,9bB,22N,12L,9aR,12R,22L,3L,17N,10N,16R,18L,18R,20N,19R,24L,13L,23N,21R,17R,14L,14R,7L,15L,13N,9aL,12B,nan,7N,21L,8L,5L,9bN,6R,11B,9bR","nan,ZT1,ZT13","0","1409","69","","","","N/A","0.0","0.0","0.0","0.0","0.0","0.0","22.960044936706492","450.6415532726956","411.99611715479296","201.1386375211809","404.35395510873263","426.8791391372465","401.77589619874885","189.88251524605712","82.56064288199684","18.196283654765367","14.663533583421291","40.27533348818018","19.984153383291364","13.526864850968968","52.44355564943932","18.269704161372093","12.020585842269522","45.179635252666046","29.109232381651513","324.2081393549162","323.37558855622717","217.3913945567082","319.1386206952977","485.95201611238224","374.19714188025534","328.970838842281","5.133050046995505","26.328072091426733","13.632794132763179","169.9438527822321","35.45815595347561","32.276021487825716","24.215392034698358","56.51722850770665","27.21602119269079","15.301376061503234","557.0435211844233","442.3965876822073","526.8995176384122","28.90619430288568","39.58445650028269","217.3913945567082","409.3492093181543","201.1386375211809","169.9438527822321","184.4927428457031","197.74214146693035","","https://gnps.ucsd.edu/ProteoSAFe/result.jsp?task=f41b3349635c4db3951083ad68727fc2&view=view_all_clusters_withID&show=true#{""main.cluster index_lowerinput"":""1409.0"",""main.cluster index_upperinput"":""1409.0""}","https://gnps.ucsd.edu/ProteoSAFe/result.jsp?view=network_displayer&componentindex=69&task=f41b3349635c4db3951083ad68727fc2&show=true",,"","","","","","","","","1409","0.0","Feature Node","147","339.1206","","339.1206","3.4506","3.4506","false","1409","","","","27341.288399013196","","N/A"
"","N/A","","","","","",,"","","","","","","","","","","","","","nan,FT,FA","nan,NASH,TRF,HCC","nan,7.0,12.0,22.0","11L,8N,9bB,22N,12L,9aR,12R,22L,3L,17N,10N,16R,18L,18R,20N,19R,24L,13L,23N,21R,17R,14L,14R,7L,15L,13N,9aL,12B,nan,7N,21L,8L,5L,9bN,6R,11B,9bR","nan,ZT1,ZT13","0","1279","69","","","","N/A","0.0","0.0","0.0","0.0","0.0","0.0","60.55141280987382","142.941237986304","122.27789173828991","82.27531929932255","102.04837457080438","122.94189144197686","163.28480365758168","107.25052782631114","76.55690015185758","63.43681255867594","55.86702888427641","86.49155422188724","73.52232164294819","54.957919010301374","71.59219214610025","64.68973744590808","95.53093667458465","78.4646072837155","74.55807134710669","71.58982444635569","82.13442968421903","81.79519113734426","88.49124231858467","74.1385477099964","89.47961259969875","64.20525089910844","123.6339153718852","91.530532839686","92.937596629711","94.9644837110926","65.20761987098041","54.25252618787346","62.46819406638914","60.594685320127205","66.02619355779046","54.74566491151937","96.0507983159676","137.56445123585416","149.7411937892088","64.33309216813653","81.96002424667512","81.79519113734426","108.54354997907808","82.27531929932255","94.9644837110926","79.47592953591128","96.04260143408199","","https://gnps.ucsd.edu/ProteoSAFe/result.jsp?task=f41b3349635c4db3951083ad68727fc2&view=view_all_clusters_withID&show=true#{""main.cluster index_lowerinput"":""1279.0"",""main.cluster index_upperinput"":""1279.0""}","https://gnps.ucsd.edu/ProteoSAFe/result.jsp?view=network_displayer&componentindex=69&task=f41b3349635c4db3951083ad68727fc2&show=true",,"","","","","","","","","1279","0.0","Feature Node","147","337.1758","","337.1758","3.2601","3.2601","false","1279","","","","12539.15938736972","","N/A"
"","N/A","","","","","",,"","","","","","","","","","","","","","nan,FT,FA","nan,NASH,TRF,HCC","nan,7.0,12.0,22.0","11L,8N,9bB,22N,12L,9aR,12R,22L,3L,17N,10N,16R,18L,18R,20N,19R,24L,13L,23N,21R,17R,14L,14R,7L,15L,13N,9aL,12B,nan,7N,21L,8L,5L,9bN,6R,11B,9bR","nan,ZT1,ZT13","0","103","69","","","","N/A","0.0","0.0","0.0","0.0","0.0","0.0","1348.2097599519716","226.5375857108317","247.05513498311788","1084.4104562361117","172.8278136421214","211.6903145932236","249.7729770350723","1330.9837002280153","989.1200266151918","1741.2130690138802","1250.5552296514352","1111.9422353227815","1656.3620922671685","1171.064410474657","1298.4798915547528","1281.3832245524045","1839.0717182072578","815.8214559580512","2064.264657438642","143.8679591884876","158.71097142208112","847.9927098061792","175.93902590473346","151.48811034889243","174.3896530399629","131.6711116422487","1782.8674576205053","1585.5295870002692","729.9326377196052","1028.8865823646202","2165.429432805272","1741.185939299826","2337.4906656388007","1499.6487646007422","2285.062218120679","2040.0636791609163","330.27308970649835","222.13722657068243","216.21189494631616","1795.6078543008257","1382.7019227284488","847.9927098061792","197.24989983858822","1084.4104562361117","1028.8865823646202","834.5940760816931","1204.295496601626","","https://gnps.ucsd.edu/ProteoSAFe/result.jsp?task=f41b3349635c4db3951083ad68727fc2&view=view_all_clusters_withID&show=true#{""main.cluster index_lowerinput"":""103.0"",""main.cluster index_upperinput"":""103.0""}","https://gnps.ucsd.edu/ProteoSAFe/result.jsp?view=network_displayer&componentindex=69&task=f41b3349635c4db3951083ad68727fc2&show=true",,"","","","","","","","","103","0.0","Feature Node","147","303.1706","","303.1706","3.3405","3.3405","false","103","","","","143533.96884829697","","N/A"
"","N/A","","","","","",,"","","","","","","","","","","","","","nan,FT,FA","nan,NASH,TRF,HCC","nan,7.0,12.0,22.0","11L,8N,9bB,22N,12L,9aR,12R,22L,3L,17N,10N,16R,18L,18R,20N,19R,24L,13L,23N,21R,17R,14L,14R,7L,15L,13N,9aL,12B,nan,7N,21L,8L,5L,9bN,6R,11B,9bR","nan,ZT1,ZT13","0","994","69","","","","N/A","0.0","0.0","0.0","0.0","0.0","0.0","1954.5373594561097","1110.4787019049038","857.9853134523984","1233.1136638425085","507.0802439171459","664.1167925933405","789.9739427385425","1458.8529136713225","1420.986019929361","1768.7245521412726","1215.1288101547302","1760.3016572242648","1366.4989649229165","1588.3968460893416","2340.392416823057","1767.3576456676228","2004.8380401953866","1732.8767144801404","2148.889743157892","421.47723689167026","452.3385895486725","1174.323764240469","386.00744410882913","375.00022464012943","403.41928532985094","341.0685979144629","2226.4392039875406","1943.5978142077581","1652.0603811548683","1485.2520093165772","1751.2974400270111","1500.5638766200423","3133.6324911377214","1587.152830732942","2119.3683689208497","2166.9681119776474","620.7960127076121","719.046411917378","635.9258544492985","1960.6268411237595","1708.8625359572206","1174.323764240469","613.6549604264907","1233.1136638425085","1485.2520093165772","1221.5340467640588","1441.4427344053697","","https://gnps.ucsd.edu/ProteoSAFe/result.jsp?task=f41b3349635c4db3951083ad68727fc2&view=view_all_clusters_withID&show=true#{""main.cluster index_lowerinput"":""994.0"",""main.cluster index_upperinput"":""994.0""}","https://gnps.ucsd.edu/ProteoSAFe/result.jsp?view=network_displayer&componentindex=69&task=f41b3349635c4db3951083ad68727fc2&show=true",,"","","","","","","","","994","0.0","Feature Node","149","319.1652","","319.1652","3.8219","3.8219","false","994","","","","188401.04825371676","","N/A"
"","N/A","","","","","",,"","","","","","","","","","","","","","nan,FT,FA","nan,NASH,TRF,HCC","nan,7.0,12.0,22.0","11L,8N,9bB,22N,12L,9aR,12R,22L,3L,17N,10N,16R,18L,18R,20N,19R,24L,13L,23N,21R,17R,14L,14R,7L,15L,13N,9aL,12B,nan,7N,21L,8L,5L,9bN,6R,11B,9bR","nan,ZT1,ZT13","0","127","69","","","","N/A","0.0","0.0","0.0","0.0","0.0","0.0","1868.540781901596","698.5244210678213","638.4085646438242","1265.1647073465513","518.3928783887916","915.3400370548549","722.0120865508009","1565.5161163392766","1373.8887882572462","1502.1661854063334","1182.561773406432","2040.3605994314346","1397.9452903892575","1575.2857725241056","1797.287098747686","1819.8414076173328","2638.7168605899947","1732.8767144801404","2527.7688618518027","386.82742697375966","439.2109834485307","1187.5243528101248","394.93802878337146","360.314988652907","396.98505752384415","322.05356304569494","2611.7407187732024","2061.0512319677437","1765.1547414786394","1463.682611529844","2025.5756223084443","1596.3366091709934","2607.258950155553","1533.9018284744448","2036.631580554356","2219.251804094696","608.0240398194744","698.8151112671263","664.9376576248087","1997.6172808673336","1762.3022636049193","1187.5243528101248","565.0908820208164","1265.1647073465513","1463.682611529844","1277.8311448020438","1394.1908114294295","","https://gnps.ucsd.edu/ProteoSAFe/result.jsp?task=f41b3349635c4db3951083ad68727fc2&view=view_all_clusters_withID&show=true#{""main.cluster index_lowerinput"":""127.0"",""main.cluster index_upperinput"":""127.0""}","https://gnps.ucsd.edu/ProteoSAFe/result.jsp?view=network_displayer&componentindex=69&task=f41b3349635c4db3951083ad68727fc2&show=true",,"","","","","","","","","127","0.0","Feature Node","149","319.1651","","319.1651","3.8732","3.8732","false","127","","","","189069.65191912922","","N/A"
"","N/A","","","","","",,"","","","","","","","","","","","","","nan,FT,FA","nan,NASH,TRF,HCC","nan,7.0,12.0,22.0","11L,8N,9bB,22N,12L,9aR,12R,22L,3L,17N,10N,16R,18L,18R,20N,19R,24L,13L,23N,21R,17R,14L,14R,7L,15L,13N,9aL,12B,nan,7N,21L,8L,5L,9bN,6R,11B,9bR","nan,ZT1,ZT13","0","616","69","","","","N/A","0.0","0.0","0.0","0.0","0.0","0.0","422.24679554371903","105.1827827665009","98.58898077019747","272.6786750671327","75.44398161132466","88.40361067173485","132.39737989601798","574.7870934310091","397.66189410684547","479.0041799451037","323.3437419634706","447.6608045871804","421.9512014798412","303.96766080447935","361.4157794901721","421.4833092311452","501.02538915594437","258.6928374444558","353.6663162425174","58.286306984421465","81.6122030435754","235.29996791747442","97.87342502805862","79.76894182802775","84.62015428017075","73.61436338154314","397.1940613397074","510.10473541575436","360.6955068804728","277.49220542752124","323.6647906020982","311.91355868394203","411.6937529361963","324.4564597946929","375.1433842422702","348.73225806288747","119.53765434612495","100.3491933115547","117.49769367865748","354.9023204965435","440.1940533533194","235.29996791747442","91.25769125041016","272.6786750671327","277.49220542752124","259.6142404321508","275.8703565497594","","https://gnps.ucsd.edu/ProteoSAFe/result.jsp?task=f41b3349635c4db3951083ad68727fc2&view=view_all_clusters_withID&show=true#{""main.cluster index_lowerinput"":""616.0"",""main.cluster index_upperinput"":""616.0""}","https://gnps.ucsd.edu/ProteoSAFe/result.jsp?view=network_displayer&componentindex=69&task=f41b3349635c4db3951083ad68727fc2&show=true",,"","","","","","","","","616","0.0","Feature Node","145","371.1274","","371.1274","3.142","3.142","false","616","","","","37901.77529679374","","N/A"
"","N/A","","","","","",,"","","","","","","","","","","","","","nan,FT,FA","nan,NASH,TRF,HCC","nan,7.0,12.0,22.0","11L,8N,9bB,22N,12L,9aR,12R,22L,3L,17N,10N,16R,18L,18R,20N,19R,24L,13L,23N,21R,17R,14L,14R,7L,15L,13N,9aL,12B,nan,7N,21L,8L,5L,9bN,6R,11B,9bR","nan,ZT1,ZT13","0","131","69","","","","N/A","0.0","0.0","0.0","0.0","0.0","0.0","245.5734013803902","124.44682113273254","125.20546310519691","173.31443192737282","117.84299901525512","127.95858766506238","165.57253821242185","263.39034738050077","209.20114731391013","222.84489410994058","152.13290025496818","187.94362026681793","182.53936264223506","151.8163070758178","181.04497032620452","205.49877765029134","285.8656779291422","133.01182155623056","184.89004335658538","85.8092375281762","85.04162744029823","173.03787951650062","109.15475477126222","80.53695234200525","113.66520319715806","104.7219136058132","352.64633570327584","294.92438662097425","258.7336813159545","188.40884679771932","216.28719599135997","198.26973541559053","262.9684847381256","204.55941174902037","217.03829881744443","246.52206982476736","119.7182808811838","152.85414025827717","161.3241845266044","209.29812926375163","238.9220544897263","173.03787951650062","119.44706984190063","173.31443192737282","188.40884679771932","170.06210106315723","189.72553046868822","","https://gnps.ucsd.edu/ProteoSAFe/result.jsp?task=f41b3349635c4db3951083ad68727fc2&view=view_all_clusters_withID&show=true#{""main.cluster index_lowerinput"":""131.0"",""main.cluster index_upperinput"":""131.0""}","https://gnps.ucsd.edu/ProteoSAFe/result.jsp?view=network_displayer&componentindex=69&task=f41b3349635c4db3951083ad68727fc2&show=true",,"","","","","","","","","131","0.0","Feature Node","149","323.1604","","323.1604","2.8256","2.8256","false","131","","","","25538.919786230814","","N/A"
"","N/A","","","","","",,"","","","","","","","","","","","","","nan,FT,FA","nan,NASH,TRF,HCC","nan,7.0,12.0,22.0","11L,8N,9bB,22N,12L,9aR,12R,22L,3L,17N,10N,16R,18L,18R,20N,19R,24L,13L,23N,21R,17R,14L,14R,7L,15L,13N,9aL,12B,nan,7N,21L,8L,5L,9bN,6R,11B,9bR","nan,ZT1,ZT13","0","1836","69","","","","N/A","0.0","0.0","0.0","0.0","0.0","0.0","58.98421930689342","9.021619201610694","8.836729318984078","38.23897906308614","4.34774322209409","4.30943264158236","6.882627783864151","61.818094875513935","62.513533640992605","96.74463459012827","71.61463902929256","72.03792420689389","89.30801735754565","37.592509182281816","52.6242642047679","67.98618691029496","77.25869869862413","33.0223344636001","50.27157497270928","3.5793405088676815","5.335172361057966","27.52852205973463","3.4154755373119","4.473688626414139","5.959849356974544","2.028586431640338","63.36545493936367","59.57855648861068","46.78989053932744","39.92223644109705","45.53779513758058","48.86137960170574","74.01371859195636","37.94722517808964","42.05618809148699","50.76315094465341","10.471408720271189","8.083236512942408","7.593903932254165","51.006150362946855","68.5015678725756","27.52852205973463","6.036931463691097","38.23897906308614","39.92223644109705","35.12852691871451","38.757321932432816","","https://gnps.ucsd.edu/ProteoSAFe/result.jsp?task=f41b3349635c4db3951083ad68727fc2&view=view_all_clusters_withID&show=true#{""main.cluster index_lowerinput"":""1836.0"",""main.cluster index_upperinput"":""1836.0""}","https://gnps.ucsd.edu/ProteoSAFe/result.jsp?view=network_displayer&componentindex=69&task=f41b3349635c4db3951083ad68727fc2&show=true",,"","","","","","","","","1836","0.0","Feature Node","143","387.1223","","387.1223","2.1151","2.1151","false","1836","","","","5214.212195804553","","N/A"
"","N/A","","","","","",,"","","","","","","","","","","","","","nan,FT,FA","nan,NASH,TRF,HCC","nan,7.0,12.0,22.0","11L,8N,9bB,22N,12L,9aR,12R,22L,3L,17N,10N,16R,18L,18R,20N,19R,24L,13L,23N,21R,17R,14L,14R,7L,15L,13N,9aL,12B,nan,7N,21L,8L,5L,9bN,6R,11B,9bR","nan,ZT1,ZT13","0","205","69","","","","N/A","0.0","0.0","0.0","0.0","0.0","0.0","159.66470453036044","25.574494944645036","21.050064084069703","83.76042059711106","12.369997594374512","16.97532165057607","21.200407730904956","167.12484322422966","129.37506620098122","172.92509581300345","108.67772723821031","165.177363307221","157.80400236527444","82.79152900463558","105.04624082492742","166.5024732944222","267.04895650465943","78.55919338177812","92.49158604790904","11.477474352803592","11.957464254946947","71.9676681523211","18.34113511242043","14.592949460079724","13.208042869200844","13.769479091589869","85.93288226971056","146.80875778625898","93.9056355547465","77.01366697991156","53.01744609890815","71.31687389304122","141.0444170545963","117.33817378863198","101.38679103934231","99.50373716460689","20.26558628054982","18.97479618862341","22.02525125865923","105.63274660960205","142.5750099677628","71.9676681523211","17.31048375515057","83.76042059711106","77.01366697991156","75.66684286804748","81.72459542973829","","https://gnps.ucsd.edu/ProteoSAFe/result.jsp?task=f41b3349635c4db3951083ad68727fc2&view=view_all_clusters_withID&show=true#{""main.cluster index_lowerinput"":""205.0"",""main.cluster index_upperinput"":""205.0""}","https://gnps.ucsd.edu/ProteoSAFe/result.jsp?view=network_displayer&componentindex=69&task=f41b3349635c4db3951083ad68727fc2&show=true",,"","","","","","","","","205","0.0","Feature Node","143","373.1429","","373.1429","3.2576","3.2576","false","205","","","","11136.281015197339","","N/A"
"","N/A","","","","","",,"","","","","","","","","","","","","","nan,FT,FA","nan,NASH,TRF,HCC","nan,7.0,12.0,22.0","11L,8N,9bB,22N,12L,9aR,12R,22L,3L,17N,10N,16R,18L,18R,20N,19R,24L,13L,23N,21R,17R,14L,14R,7L,15L,13N,9aL,12B,nan,7N,21L,8L,5L,9bN,6R,11B,9bR","nan,ZT1,ZT13","0","805","69","","","","N/A","0.0","0.0","0.0","0.0","0.0","0.0","2626.687722579958","401.93865757494797","465.8897556413642","2731.048049647448","253.85801401804872","743.7756497875613","999.9709814980815","5764.3752430987715","5273.42398511973","4064.003232919518","4379.423226538887","2597.1124317573517","8042.925853970885","6308.646999564129","3671.5617631893597","4111.275052259248","6063.976769924185","5608.219185044818","5104.428997194641","509.58480031378565","391.8867730567648","2128.391949336832","306.4165107826272","295.491789538151","1001.4850737032667","299.23124168201764","6219.080432179486","6289.047782477952","2651.6235403906035","3071.0636186352294","3373.954420967315","3213.47630922968","2581.4361258897297","4994.270938972321","3633.2021248306646","3252.846600476635","123.33991222144769","285.1512220332668","412.0857176997476","4106.443931335855","4803.886070114236","2128.391949336832","440.2676404754549","2731.048049647448","3071.0636186352294","1863.434676426558","3696.227503310989","","https://gnps.ucsd.edu/ProteoSAFe/result.jsp?task=f41b3349635c4db3951083ad68727fc2&view=view_all_clusters_withID&show=true#{""main.cluster index_lowerinput"":""805.0"",""main.cluster index_upperinput"":""805.0""}","https://gnps.ucsd.edu/ProteoSAFe/result.jsp?view=network_displayer&componentindex=69&task=f41b3349635c4db3951083ad68727fc2&show=true",,"","","","","","","","","805","0.0","Feature Node","146","593.3336","","593.3336","6.1662","6.1662","false","805","","","","389843.80158157635","","N/A"
"","N/A","","","","","",,"","","","","","","","","","","","","","nan,FT,FA","nan,NASH,TRF,HCC","nan,7.0,12.0,22.0","11L,8N,9bB,22N,12L,9aR,12R,22L,3L,17N,10N,16R,18L,18R,20N,19R,24L,13L,23N,21R,17R,14L,14R,7L,15L,13N,9aL,12B,nan,7N,21L,8L,5L,9bN,6R,11B,9bR","nan,ZT1,ZT13","0","2932","69","","","","N/A","0.0","0.0","0.0","0.0","0.0","0.0","63.30738995679577","35.98861251840184","30.150075026201105","66.74026256964123","20.544471444115864","23.726631183867283","60.8662509466078","21.334568019779105","32.091735812363574","23.57034515685514","41.98240265008461","102.86426447084027","65.7355708075674","122.80161592893212","78.88522351605286","126.06158456484789","526.4886928666937","130.35519067348034","82.03869581902435","43.663492562362556","51.309304945593496","30.274240846999135","49.98344409168665","59.64600421823307","54.262716537494406","18.84432021742802","47.84015812284122","41.05852765060551","83.10370155983175","48.725647093144296","15.356747235058727","32.0849878755802","16.232939136990417","31.509078634942977","13.33626206070586","15.417839617014751","16.7115218007171","27.248412739732398","29.191602436414392","74.31412624177715","52.911224629562206","30.274240846999135","34.99100706197802","66.74026256964123","48.725647093144296","46.86184085871239","57.54876761436187","","https://gnps.ucsd.edu/ProteoSAFe/result.jsp?task=f41b3349635c4db3951083ad68727fc2&view=view_all_clusters_withID&show=true#{""main.cluster index_lowerinput"":""2932.0"",""main.cluster index_upperinput"":""2932.0""}","https://gnps.ucsd.edu/ProteoSAFe/result.jsp?view=network_displayer&componentindex=69&task=f41b3349635c4db3951083ad68727fc2&show=true",,"","","","","","","","","2932","0.0","Feature Node","147","305.1858","","305.1858","3.9506","3.9506","false","2932","","","","7437.592444687485","","N/A"
"","N/A","","","","","",,"","","","","","","","","","","","","","nan,FT,FA","nan,NASH,TRF,HCC","nan,7.0,12.0,22.0","11L,8N,9bB,22N,12L,9aR,12R,22L,3L,17N,10N,16R,18L,18R,20N,19R,24L,13L,23N,21R,17R,14L,14R,7L,15L,13N,9aL,12B,nan,7N,21L,8L,5L,9bN,6R,11B,9bR","nan,ZT1,ZT13","0","2591","69","","","","N/A","0.0","0.0","0.0","0.0","0.0","0.0","66.3831633543223","39.67065667459563","37.67102714359124","42.433235517094715","30.39748515503809","32.53613751826033","48.84820824005936","57.85885819825243","48.36964736395493","50.49081861885877","38.65803471621019","58.687080437962564","43.364317914636764","43.36418278848183","47.59873198915714","57.515581237440244","89.28672435732275","39.28583480288311","40.82931306369939","27.7624798653014","27.816965243085267","45.22939658820308","42.17951674761765","29.93694264177425","37.596240901421794","26.82389749131945","50.14954488811304","63.31733444356327","52.955400187581496","44.66684763234975","30.510542839956106","38.970576366320415","62.3089104710707","57.066625575586706","50.63487234469466","53.6440712964006","28.22999119131746","35.51075830523407","31.581521210947393","48.5066904708086","54.367451246872626","45.22939658820308","33.76850433303127","42.433235517094715","44.66684763234975","42.10112246490249","45.8162096561247","","https://gnps.ucsd.edu/ProteoSAFe/result.jsp?task=f41b3349635c4db3951083ad68727fc2&view=view_all_clusters_withID&show=true#{""main.cluster index_lowerinput"":""2591.0"",""main.cluster index_upperinput"":""2591.0""}","https://gnps.ucsd.edu/ProteoSAFe/result.jsp?view=network_displayer&componentindex=69&task=f41b3349635c4db3951083ad68727fc2&show=true",,"","","","","","","","","2591","0.0","Feature Node","149","325.1759","","325.1759","2.7913","2.7913","false","2591","","","","6252.427398779742","","N/A"
"","N/A","","","","","",,"","","","","","","","","","","","","","nan,FT,FA","nan,NASH,TRF,HCC","nan,7.0,12.0,22.0","11L,8N,9bB,22N,12L,9aR,12R,22L,3L,17N,10N,16R,18L,18R,20N,19R,24L,13L,23N,21R,17R,14L,14R,7L,15L,13N,9aL,12B,nan,7N,21L,8L,5L,9bN,6R,11B,9bR","nan,ZT1,ZT13","0","91","69","","","","N/A","0.0","0.0","0.0","0.0","0.0","0.0","139.48090090798928","41.61399181604572","37.711560841221264","92.61519950757588","26.965233081684516","35.10234010758396","50.421331739990734","176.395418769791","131.4606863477365","158.82028049795036","103.2445611260744","138.14319129162035","141.20388328098957","100.30902510640492","113.17444935280598","133.4782615797156","173.5034883188622","95.12720699618298","126.73986021657831","24.831564895702748","28.913984634128497","82.5177531058819","33.20954071146517","24.086993685852292","31.087833628228985","24.05221070695453","142.8072087716047","164.5813134476324","134.65623034428404","91.92530674025333","102.33199870496051","105.4886062188618","142.38681467373806","107.8775274449805","140.20996308694419","113.01004603137233","47.23382330283055","38.51660757879292","42.42339511378832","119.13373298836333","144.82247688385405","82.5177531058819","33.89118878997743","92.61519950757588","91.92530674025333","85.97756706615729","94.99034323072149","","https://gnps.ucsd.edu/ProteoSAFe/result.jsp?task=f41b3349635c4db3951083ad68727fc2&view=view_all_clusters_withID&show=true#{""main.cluster index_lowerinput"":""91.0"",""main.cluster index_upperinput"":""91.0""}","https://gnps.ucsd.edu/ProteoSAFe/result.jsp?view=network_displayer&componentindex=69&task=f41b3349635c4db3951083ad68727fc2&show=true",,"","","","","","","","","91","0.0","Feature Node","149","291.1706","","291.1706","3.1147","3.1147","false","91","","","","12807.751154990392","","N/A"
"","N/A","","","","","",,"","","","","","","","","","","","","","nan,FT,FA","nan,NASH,TRF,HCC","nan,7.0,12.0,22.0","11L,8N,9bB,22N,12L,9aR,12R,22L,3L,17N,10N,16R,18L,18R,20N,19R,24L,13L,23N,21R,17R,14L,14R,7L,15L,13N,9aL,12B,nan,7N,21L,8L,5L,9bN,6R,11B,9bR","nan,ZT1,ZT13","0","1278","69","","","","N/A","0.0","0.0","0.0","0.0","0.0","0.0","77.48959329444433","123.60807159425369","101.8558441568274","80.95597106114992","87.68197000999896","101.63519997747835","134.0449023690154","112.81063901763875","82.18358916044781","74.93366073175577","59.807176515142736","88.5446788161801","82.59057387948616","68.642251102517","81.79953808464462","77.87242524366366","101.74470306292409","82.99955538112647","85.82137363933775","69.49141694002338","79.22558667397962","80.42233331495233","79.76779800398779","70.40815879283399","88.93018298871925","66.35986300258165","110.29833626344569","93.12943521348885","100.33325780375216","92.94456963478649","66.18150830548336","62.65645447866081","72.80761219758217","64.77584543542451","71.40405878438324","65.39235827878161","92.6830783979961","116.8777626730429","110.47901832910503","72.65753403090108","87.54734809852958","80.42233331495233","94.8469303354106","80.95597106114992","92.94456963478649","79.25941153765812","92.94234759683496","","https://gnps.ucsd.edu/ProteoSAFe/result.jsp?task=f41b3349635c4db3951083ad68727fc2&view=view_all_clusters_withID&show=true#{""main.cluster index_lowerinput"":""1278.0"",""main.cluster index_upperinput"":""1278.0""}","https://gnps.ucsd.edu/ProteoSAFe/result.jsp?view=network_displayer&componentindex=69&task=f41b3349635c4db3951083ad68727fc2&show=true",,"","","","","","","","","1278","0.0","Feature Node","144","337.1758","","337.1758","3.4843","3.4843","false","1278","","","","12275.068864097504","","N/A"
"","N/A","","","","","",,"","","","","","","","","","","","","","nan,FT,FA","nan,NASH,TRF,HCC","nan,7.0,12.0,22.0","11L,8N,9bB,22N,12L,9aR,12R,22L,3L,17N,10N,16R,18L,18R,20N,19R,24L,13L,23N,21R,17R,14L,14R,7L,15L,13N,9aL,12B,nan,7N,21L,8L,5L,9bN,6R,11B,9bR","nan,ZT1,ZT13","0","4249","69","","","","N/A","0.0","0.0","0.0","0.0","0.0","0.0","5.904295890099699","2.184058823021884","3.0022855536205784","3.985478661267571","1.840905809168544","2.118703211939188","2.332761679314621","8.25529275119908","10.004790820930657","7.220042284695461","4.310542582726765","5.8892112019366065","5.757100354645607","14.226322438332748","4.708389446168242","4.4419941178240006","6.5741713010447524","5.761530954755705","3.239722073582028","0.9955756895798915","2.55010606410349","4.8623201800322144","3.2051916116541994","2.141777645828483","1.8564139399442225","1.961876947138558","17.08125973667395","8.50049575273669","7.345780650934128","5.658223952712651","4.542335110390825","6.266318145849847","4.381479524889854","4.474065948754252","4.920883376330833","6.0591823433863246","2.6867318981960273","2.5284752599595084","2.218524291593883","5.813610896570148","7.815338656826923","4.8623201800322144","2.2577996834503073","3.985478661267571","5.658223952712651","4.7046672646110075","5.032694009856306","","https://gnps.ucsd.edu/ProteoSAFe/result.jsp?task=f41b3349635c4db3951083ad68727fc2&view=view_all_clusters_withID&show=true#{""main.cluster index_lowerinput"":""4249.0"",""main.cluster index_upperinput"":""4249.0""}","https://gnps.ucsd.edu/ProteoSAFe/result.jsp?view=network_displayer&componentindex=69&task=f41b3349635c4db3951083ad68727fc2&show=true",,"","","","","","","","","4249","0.0","Feature Node","141","607.3123","","607.3123","5.3572","5.3572","false","4249","","","","690.710890169298","","N/A"
"","N/A","","","","","",,"","","","","","","","","","","","","","nan,FT,FA","nan,NASH,TRF,HCC","nan,7.0,12.0,22.0","11L,8N,9bB,22N,12L,9aR,12R,22L,3L,17N,10N,16R,18L,18R,20N,19R,24L,13L,23N,21R,17R,14L,14R,7L,15L,13N,9aL,12B,nan,7N,21L,8L,5L,9bN,6R,11B,9bR","nan,ZT1,ZT13","0","473","69","","","","N/A","0.0","0.0","0.0","0.0","0.0","0.0","164.6959522968171","72.82809079088285","64.28206225999692","179.06179670531228","35.570402439240375","64.7662664627357","172.5688311279871","305.48363559291715","204.8953372494791","30.54779346230101","38.46503582629339","91.97657053915758","58.076471635984134","320.1360331036278","168.56902191940284","184.65290568534363","699.3227471835136","289.3773648044685","186.0314607203222","37.95430835385876","39.14671239136843","176.44790900165978","59.70163635607085","34.2915398893885","53.29768845723627","34.733130032674325","668.1131933958848","265.76078119908436","409.3327043544534","149.3047020990305","287.66425701434326","220.2744204437296","217.7433560885741","252.95536744448847","496.8870926181172","191.1779232776346","51.07792506787128","52.82623225461268","69.67164844445941","275.9068937438958","211.03467132856437","176.44790900165978","54.78799755689225","179.06179670531228","149.3047020990305","178.9440443182478","152.28610869796614","","https://gnps.ucsd.edu/ProteoSAFe/result.jsp?task=f41b3349635c4db3951083ad68727fc2&view=view_all_clusters_withID&show=true#{""main.cluster index_lowerinput"":""473.0"",""main.cluster index_upperinput"":""473.0""}","https://gnps.ucsd.edu/ProteoSAFe/result.jsp?view=network_displayer&componentindex=69&task=f41b3349635c4db3951083ad68727fc2&show=true",,"","","","","","","","","473","0.0","Feature Node","142","607.3127","","607.3127","4.7653","4.7653","false","473","","","","23460.629325069538","","N/A"
"","N/A","","","","","",,"","","","","","","","","","","","","","nan,FT,FA","nan,NASH,TRF,HCC","nan,7.0,12.0,22.0","11L,8N,9bB,22N,12L,9aR,12R,22L,3L,17N,10N,16R,18L,18R,20N,19R,24L,13L,23N,21R,17R,14L,14R,7L,15L,13N,9aL,12B,nan,7N,21L,8L,5L,9bN,6R,11B,9bR","nan,ZT1,ZT13","0","223","69","","","","N/A","0.0","0.0","0.0","0.0","0.0","0.0","863.6870959727448","124.38231090614399","124.42043699087776","556.3908436656684","75.17789059008966","111.7285157875632","117.44895123678157","1624.227097081922","1039.9910488972698","1225.8206854220355","570.5577937922116","1392.9669324154015","1262.2591225479077","474.3019833947303","944.1249228494114","692.3405425673191","761.5703646427376","487.7194501603001","739.2906624774972","78.64575307159143","83.57035365375415","559.501865427806","93.53228106005801","79.47124325277616","90.33952938561575","79.57949278188097","688.6650620241905","1460.487369960406","519.6480362291591","656.3856799894322","857.037685730421","876.3664061285007","1297.4756974720926","838.22547071731","891.676335328257","943.7290168075521","137.9144157407805","102.92329211598917","115.51896427002033","833.7154494703686","1103.5477309274158","559.501865427806","100.279714778386","556.3908436656684","656.3856799894322","522.8352077377939","679.5748082136469","","https://gnps.ucsd.edu/ProteoSAFe/result.jsp?task=f41b3349635c4db3951083ad68727fc2&view=view_all_clusters_withID&show=true#{""main.cluster index_lowerinput"":""223.0"",""main.cluster index_upperinput"":""223.0""}","https://gnps.ucsd.edu/ProteoSAFe/result.jsp?view=network_displayer&componentindex=69&task=f41b3349635c4db3951083ad68727fc2&show=true",,"","","","","","","","","223","0.0","Feature Node","146","385.143","","385.143","3.3347","3.3347","false","223","","","","84747.51308044686","","N/A"
"","N/A","","","","","",,"","","","","","","","","","","","","","nan,FT,FA","nan,NASH,TRF,HCC","nan,7.0,12.0,22.0","11L,8N,9bB,22N,12L,9aR,12R,22L,3L,17N,10N,16R,18L,18R,20N,19R,24L,13L,23N,21R,17R,14L,14R,7L,15L,13N,9aL,12B,nan,7N,21L,8L,5L,9bN,6R,11B,9bR","nan,ZT1,ZT13","0","465","69","","","","N/A","0.0","0.0","0.0","0.0","0.0","0.0","3910.8498930488386","1160.6516851975866","1345.6752370150639","2951.790340938274","559.209222914119","1292.7701607085662","2679.167535334482","6999.175401451264","3550.104927086909","1928.8027038896198","2705.014044328739","5549.114025110082","4566.4679580136035","5519.355887137812","3924.006353550812","3455.691573011848","11447.904046513075","8617.123298369424","3643.2699486607135","1350.052193534152","1104.9875555880287","2625.414883822376","806.4959875743925","1380.8389131596177","2975.9378609675073","816.4717643197147","2655.1148297476675","3916.4010111602834","2454.380560263903","2494.6851732236014","2055.6061763140087","2891.417509165027","2926.265872159779","5404.163500485979","2253.2251379685354","1962.8651635626081","193.77486143534344","821.3362127469328","1016.2168808412623","3735.624072241435","3850.5674623393306","2625.414883822376","1174.1519986401577","2951.790340938274","2494.6851732236014","2400.8392174269006","3001.5009711963794","","https://gnps.ucsd.edu/ProteoSAFe/result.jsp?task=f41b3349635c4db3951083ad68727fc2&view=view_all_clusters_withID&show=true#{""main.cluster index_lowerinput"":""465.0"",""main.cluster index_upperinput"":""465.0""}","https://gnps.ucsd.edu/ProteoSAFe/result.jsp?view=network_displayer&componentindex=69&task=f41b3349635c4db3951083ad68727fc2&show=true",,"","","","","","","","","465","0.0","Feature Node","146","595.3492","","595.3492","6.1228","6.1228","false","465","","","","383376.9511541391","","N/A"
"","N/A","","","","","",,"","","","","","","","","","","","","","nan,FT,FA","nan,NASH,TRF,HCC","nan,7.0,12.0,22.0","11L,8N,9bB,22N,12L,9aR,12R,22L,3L,17N,10N,16R,18L,18R,20N,19R,24L,13L,23N,21R,17R,14L,14R,7L,15L,13N,9aL,12B,nan,7N,21L,8L,5L,9bN,6R,11B,9bR","nan,ZT1,ZT13","0","3979","69","","","","N/A","0.0","0.0","0.0","0.0","0.0","0.0","1.8008086994750925","1.1357365370425687","1.595840133719186","1.442163678371501","1.443630395688843","2.2260064518945186","1.369766736116919","1.2662475071124546","0.7303864774463694","1.522350655538577","1.40574225638015","0.8637176703789352","2.6939876235593454","2.542890812631283","1.6538751776460818","1.7545012960759105","2.0554510829070596","2.253583663414271","1.7624965809511002","0.773459400082071","1.1221518281032368","1.7247650718419143","1.1242696325836523","1.076588346867773","1.1951714117605017","0.8896523831482641","2.3671631706742255","2.2106401288562125","2.609813949952759","1.9030703968889404","1.7063602864895295","1.9373499886692649","2.376326559311299","2.6801817132850383","2.7494772492770276","1.7116533011043182","1.6517506799306187","1.4828380512781745","1.8217796008428708","2.0503699568977733","1.7822675829767907","1.7247650718419143","1.367580900483205","1.442163678371501","1.9030703968889404","1.3468917368894548","2.052949483030267","","https://gnps.ucsd.edu/ProteoSAFe/result.jsp?task=f41b3349635c4db3951083ad68727fc2&view=view_all_clusters_withID&show=true#{""main.cluster index_lowerinput"":""3979.0"",""main.cluster index_upperinput"":""3979.0""}","https://gnps.ucsd.edu/ProteoSAFe/result.jsp?view=network_displayer&componentindex=69&task=f41b3349635c4db3951083ad68727fc2&show=true",,"","","","","","","","","3979","0.0","Feature Node","149","319.1654","","319.1654","4.7473","4.7473","false","3979","","","","249.53904048888313","","N/A"
"","N/A","","","","","",,"","","","","","","","","","","","","","nan,FT,FA","nan,NASH,TRF,HCC","nan,7.0,12.0,22.0","11L,8N,9bB,22N,12L,9aR,12R,22L,3L,17N,10N,16R,18L,18R,20N,19R,24L,13L,23N,21R,17R,14L,14R,7L,15L,13N,9aL,12B,nan,7N,21L,8L,5L,9bN,6R,11B,9bR","nan,ZT1,ZT13","0","468","69","","","","N/A","0.0","0.0","0.0","0.0","0.0","0.0","686.6665855491815","153.21613564966788","170.67703801860847","388.9540900317395","38.81667782062088","132.16262156947792","359.46092679291246","752.8155364880125","447.95307612587595","167.0393972654737","221.15405067198637","558.6387051413415","293.4349386191017","707.727088145441","485.0591868019208","410.67190570827495","2876.321463655357","871.6875620205598","367.4787042036062","81.48892740163333","62.84855670354684","503.016520967787","88.72772377470552","118.94015365215598","214.6784935286309","28.20450533294117","194.77187735537623","745.3629394977725","239.30468074121544","255.73256450902966","178.6508264407261","400.97612369086204","676.005934115312","1369.3943026797735","331.18664512689605","292.674405698251","9.011587699941707","80.97803723275567","98.44970916521592","591.4573576920247","461.84106297325286","503.016520967787","107.70909605005535","388.9540900317395","255.73256450902966","301.82292220958766","408.6618898448645","","https://gnps.ucsd.edu/ProteoSAFe/result.jsp?task=f41b3349635c4db3951083ad68727fc2&view=view_all_clusters_withID&show=true#{""main.cluster index_lowerinput"":""468.0"",""main.cluster index_upperinput"":""468.0""}","https://gnps.ucsd.edu/ProteoSAFe/result.jsp?view=network_displayer&componentindex=69&task=f41b3349635c4db3951083ad68727fc2&show=true",,"","","","","","","","","468","0.0","Feature Node","143","597.365","","597.365","6.1913","6.1913","false","468","","","","50317.60004700915","","N/A"
"","N/A","","","","","",,"","","","","","","","","","","","","","nan,FT,FA","nan,NASH,TRF,HCC","nan,7.0,12.0,22.0","11L,8N,9bB,22N,12L,9aR,12R,22L,3L,17N,10N,16R,18L,18R,20N,19R,24L,13L,23N,21R,17R,14L,14R,7L,15L,13N,9aL,12B,nan,7N,21L,8L,5L,9bN,6R,11B,9bR","nan,ZT1,ZT13","0","480","69","","","","N/A","0.0","0.0","0.0","0.0","0.0","0.0","774.2133551816694","66.76581036545254","75.91149792683821","320.3149481828442","32.5390233768468","92.24687704308108","327.64182761512797","835.0473282394503","492.5975647297295","370.52265053797544","164.96088753729964","633.2345553056775","378.0142022208147","481.56698684499463","457.05017614747936","293.2761360175718","984.2851167859401","703.7980205107542","330.15737942536094","93.29074971539612","63.35372231666505","436.16538563206797","89.8809249719013","82.55092342048354","261.56330391678677","61.07121987520545","536.0404484644885","820.7165540529678","489.06981457269603","337.42186917586434","406.1167596254765","418.1611266116552","752.061113387872","672.3504748657384","565.6497941660417","571.5610613130231","28.72021096926487","66.98329874847305","58.677950044560056","508.74241432904614","575.6736806082899","436.16538563206797","85.73760459149553","320.3149481828442","337.42186917586434","335.25072658404906","364.93815145564855","","https://gnps.ucsd.edu/ProteoSAFe/result.jsp?task=f41b3349635c4db3951083ad68727fc2&view=view_all_clusters_withID&show=true#{""main.cluster index_lowerinput"":""480.0"",""main.cluster index_upperinput"":""480.0""}","https://gnps.ucsd.edu/ProteoSAFe/result.jsp?view=network_displayer&componentindex=69&task=f41b3349635c4db3951083ad68727fc2&show=true",,"","","","","","","","","480","0.0","Feature Node","147","611.3441","","611.3441","4.8794","4.8794","false","480","","","","49742.37631710278","","N/A"
"","N/A","","","","","",,"","","","","","","","","","","","","","nan,FT,FA","nan,NASH,TRF,HCC","nan,7.0,12.0,22.0","11L,8N,9bB,22N,12L,9aR,12R,22L,3L,17N,10N,16R,18L,18R,20N,19R,24L,13L,23N,21R,17R,14L,14R,7L,15L,13N,9aL,12B,nan,7N,21L,8L,5L,9bN,6R,11B,9bR","nan,ZT1,ZT13","0","586","69","","","","N/A","0.0","0.0","0.0","0.0","0.0","0.0","1792.7346005213678","394.46563730420706","367.1325117873421","1057.2750000027875","208.3950421258986","376.65997904817857","473.24167928973594","2626.6097908628426","1979.895928330417","2309.6049234933025","1198.4554019136972","2127.950572087213","1994.3795132908322","1143.0507149767773","1714.523282620699","1618.0031222582952","1714.329285711778","1811.6438378656014","1149.9325024457755","196.722755616719","226.28249624983226","1043.103954104641","227.90063247667493","219.0107630003305","240.67962421217945","129.5084980937658","1011.3463903526141","2490.7798497817603","1373.3461425113837","1142.0130773704782","1216.5464781578921","1330.3088173265085","1972.9444275294356","1620.3476333301085","1287.0958042682398","1380.645135488828","222.2668643696578","303.0251871727748","395.41719168741","1427.5028556488699","1952.764555228833","1043.103954104641","284.10614671116264","1057.2750000027875","1142.0130773704782","968.6973759953152","1217.8439178484325","","https://gnps.ucsd.edu/ProteoSAFe/result.jsp?task=f41b3349635c4db3951083ad68727fc2&view=view_all_clusters_withID&show=true#{""main.cluster index_lowerinput"":""586.0"",""main.cluster index_upperinput"":""586.0""}","https://gnps.ucsd.edu/ProteoSAFe/result.jsp?view=network_displayer&componentindex=69&task=f41b3349635c4db3951083ad68727fc2&show=true",,"","","","","","","","","586","0.0","Feature Node","147","303.1705","","303.1705","3.3332","3.3332","false","586","","","","154362.3766861143","","N/A"
"","N/A","","","","","",,"","","","","","","","","","","","","","nan,FT,FA","nan,NASH,TRF,HCC","nan,7.0,12.0,22.0","11L,8N,9bB,22N,12L,9aR,12R,22L,3L,17N,10N,16R,18L,18R,20N,19R,24L,13L,23N,21R,17R,14L,14R,7L,15L,13N,9aL,12B,nan,7N,21L,8L,5L,9bN,6R,11B,9bR","nan,ZT1,ZT13","0","222","69","","","","N/A","0.0","0.0","0.0","0.0","0.0","0.0","1030.3592766575614","120.4948037746909","111.49346340313815","682.0283252828177","77.26437689421158","106.96745142443882","115.61331092095374","838.6194813163719","966.3401796953724","1561.96531903564","581.7917440581165","716.5972216359353","1122.6821685093157","504.01360368786754","666.3458576764165","685.2519270955925","804.7392568018655","567.2984382590978","1114.3340231439336","69.35738125774449","83.8350348197185","516.7662584957102","91.2516471448657","76.13255342228459","101.93484417563131","71.80392040795664","1135.2670070562067","1001.8879117494944","740.1532737785449","638.0671469390161","1330.1774684595916","936.8463186802531","1538.2082776592877","1142.2775096509595","1335.3043356284816","1252.6485463247652","131.05247604752654","108.27077899981124","122.84450047158074","1038.668785927931","988.2794144268994","516.7662584957102","98.4780174906128","682.0283252828177","638.0671469390161","511.3218201053748","757.2619755566711","","https://gnps.ucsd.edu/ProteoSAFe/result.jsp?task=f41b3349635c4db3951083ad68727fc2&view=view_all_clusters_withID&show=true#{""main.cluster index_lowerinput"":""222.0"",""main.cluster index_upperinput"":""222.0""}","https://gnps.ucsd.edu/ProteoSAFe/result.jsp?view=network_displayer&componentindex=69&task=f41b3349635c4db3951083ad68727fc2&show=true",,"","","","","","","","","222","0.0","Feature Node","146","385.143","","385.143","3.3632","3.3632","false","222","","","","89233.63955369197","","N/A"
"","N/A","","","","","",,"","","","","","","","","","","","","","nan,FT,FA","nan,NASH,TRF,HCC","nan,7.0,12.0,22.0","11L,8N,9bB,22N,12L,9aR,12R,22L,3L,17N,10N,16R,18L,18R,20N,19R,24L,13L,23N,21R,17R,14L,14R,7L,15L,13N,9aL,12B,nan,7N,21L,8L,5L,9bN,6R,11B,9bR","nan,ZT1,ZT13","0","90","69","","","","N/A","0.0","0.0","0.0","0.0","0.0","0.0","139.0003810180967","41.54232348859112","37.711560841221264","93.75879387535821","26.965233081684516","35.10234010758396","50.421331739990734","195.29498964023955","131.65963760914943","161.61312010622885","96.5791260175425","148.86501454799222","144.1017135371228","100.8815017544375","111.28856022742939","138.45769142783297","169.17821240137133","84.80206869158347","124.11971667158056","24.831564895702748","28.913984634128497","79.87776437274607","33.20954071146517","24.086993685852292","31.087833628228985","24.05221070695453","134.572890202292","152.65723790157494","133.28784979654534","91.89316335952324","108.86362714198317","104.03505301721499","139.01814388707683","107.6972846752578","128.46473445240073","118.48878203434535","47.23382330283055","38.51660757879292","42.42339511378832","118.87877216359831","144.82758434375305","79.87776437274607","33.883900485490514","93.75879387535821","91.89316335952324","87.2398653130561","93.50715951253395","","https://gnps.ucsd.edu/ProteoSAFe/result.jsp?task=f41b3349635c4db3951083ad68727fc2&view=view_all_clusters_withID&show=true#{""main.cluster index_lowerinput"":""90.0"",""main.cluster index_upperinput"":""90.0""}","https://gnps.ucsd.edu/ProteoSAFe/result.jsp?view=network_displayer&componentindex=69&task=f41b3349635c4db3951083ad68727fc2&show=true",,"","","","","","","","","90","0.0","Feature Node","149","291.1706","","291.1706","3.1513","3.1513","false","90","","","","12796.044158595094","","N/A"
"[M+H]+","N/A","[M+H]+","Suspect related to Stercobilin (predicted molecular formula: C33H44N4O7) with delta m/z 13.979 (putative explanation: Thr->Asp substitution|Tryptophan oxidation to oxolactone|aldehyde and ketone modifications|hydroxylation difference carboxylation|proline oxidation to pyroglutamic acid|Oxidation, epoxidation; atomic difference: -2H,1O|-2H,1O|-2H,1O|-2H,1O|-2H,1O|1O,-2H)","Crude","Wout Bittremieux","http://gnps.ucsd.edu/ProteoSAFe/gnpslibraryspectrum.jsp?SpectrumID=CCMSLIB00010000807","false","nan","Orbitrap","LC-ESI","Positive","4","0.00048828099999999997","0.947267","0.801344","Pieter Dorrestein","14","nan","CCMSLIB00010000807","nan","nan,FT,FA","nan,NASH,TRF,HCC","nan,7.0,12.0,22.0","11L,8N,9bB,22N,12L,9aR,12R,22L,3L,17N,10N,16R,18L,18R,20N,19R,24L,13L,23N,21R,17R,14L,14R,7L,15L,13N,9aL,12B,nan,7N,21L,8L,5L,9bN,6R,11B,9bR","nan,ZT1,ZT13","0","477","69","Suspect related to Stercobilin (predicted molecular formula: C33H44N4O7) with delta m/z 13.979 (putative explanation: Thr->Asp substitution|Tryptophan oxidation to oxolactone|aldehyde and ketone modifications|hydroxylation difference carboxylation|proline oxidation to pyroglutamic acid|Oxidation, epoxidation; atomic difference: -2H,1O|-2H,1O|-2H,1O|-2H,1O|-2H,1O|1O,-2H)","Crude","Wout Bittremieux","N/A","0.0","0.0","0.0","0.0","0.0","0.0","589.7738019733671","76.8563912275422","68.70045900960082","378.17244363012196","47.213193886687165","85.10603454758358","118.63604575034167","955.3226106476795","376.9772505321804","403.404852697818","250.67719025293215","298.23676471893634","460.76203923085944","495.7992960714443","528.3765817034619","411.0318485150491","585.2817898108024","357.99299708143604","503.37411823472706","57.58875784055236","60.765577155638795","385.02568479522097","54.40129599500621","46.44140348714475","92.3734379284824","42.30002959931258","1290.9370793738372","1036.32879271652","886.9582130930065","410.7543339123677","664.7827443932308","483.1045171496053","730.2107775112746","889.1756793798994","747.2957411546263","704.3185726363935","57.03409202015909","66.90457518384878","62.551927298132455","602.9014005381753","660.5019322225083","385.02568479522097","65.00899037465398","378.17244363012196","410.7543339123677","339.8003328176506","449.2266886575185","http://gnps.ucsd.edu/ProteoSAFe/gnpslibraryspectrum.jsp?SpectrumID=CCMSLIB00010000807","https://gnps.ucsd.edu/ProteoSAFe/result.jsp?task=f41b3349635c4db3951083ad68727fc2&view=view_all_clusters_withID&show=true#{""main.cluster index_lowerinput"":""477.0"",""main.cluster index_upperinput"":""477.0""}","https://gnps.ucsd.edu/ProteoSAFe/result.jsp?view=network_displayer&componentindex=69&task=f41b3349635c4db3951083ad68727fc2&show=true","false","nan","Orbitrap","LC-ESI","Positive","4","0.00048828099999999997","0.947267","0.801344","477","0.0","Feature Node","142","609.3285","Pieter Dorrestein","609.3285","4.8176","4.8176","false","477","14","nan","CCMSLIB00010000807","55550.61079233181","nan","N/A"
